"1, Sharell STEVENS, 1995-10-5, 3298 Leaverholme Close, San Francisco, 94140, CA, 415 165 4641"
"2, Samuel WILLIAMS, 1963-9-14, 8841 Stony Acre, Alaxandria, 22304, VA, 905 780 8628"
"3, Lilly WEST, 1934-12-26, 7478 Mornington Grove, Volgograd, 400001, VO, 506 566 6571"
"4, Rachel BELL, 1924-1-22, 1917 St Annes Promenade, San Jose, 95111, CA, 408 379 5080"
"5, Grant MURRAY, 1934-6-21, 1363 Sievewright Street, Edmonton, T5A 0W4, AB, 780 141 2614"
"6, Samantha MARTINEZ, 1975-12-3, 4869 Whitestone Close, Calgary, T1Y 3A8, AB, 403 653 1875"
"7, John MARSHALL, 1990-3-8, 9762 Westbourne Valley, Edmonton, T5A 0W4, AB, 780 296 1279"
"8, Mavrick THOMAS, 1910-12-23, 1591 Dane Ridings, Edmonton, T5A 0W4, AB, 780 144 7436"
"9, Lilly TORRES, 1905-5-10, 5184 Spencer Beeches, Charleston, 29401, SC, 843 145 7943"
"10, Quanny BROOKS, 1983-7-5, 3290 Carrick Row, Volgograd, 400001, VO, 506 595 1076"
"11, Ogrid LEE, 1952-7-20, 4913 High Hall, Winnipeg, R2C 0G3, MB, 306 728 3719"
"12, Eunice WARD, 1948-1-16, 4715 Carrick Row, San Francisco, 94140, CA, 415 871 2424"
"13, Mike TORRES, 1967-6-17, 3 Fairey Street, Charleston, 29401, SC, 843 399 5300"
"14, Jacob GONZALES, 1953-11-13, 5388 All Saints Down, Moscow, 83843, ID, 855 716 3590"
"15, Heugh RICE, 1988-6-27, 423 Beck East, Charleston, 29401, SC, 843 713 8219"
"16, Geralt GONZALES, 1913-4-30, 881 St Peter's Glebe, Gilroy, 95020, CA, 408 950 2316"
"17, William ANDERSON, 1920-1-28, 5772 Woodbine Lodge, Gilroy, 95020, CA, 408 298 8389"
"18, Nikole ORTIZ, 1977-2-11, 559 Egypt Road, San Francisco, 94140, CA, 415 900 3867"
"19, Jullian GREEN, 1945-8-15, 1889 Home Farm Lawns, San Francisco, 94140, CA, 415 701 7787"
"20, Flanigan ORTIZ, 1979-9-2, 3337 All Saints Down, Moscow, 83843, ID, 855 626 7019"
"21, Beuatrice PETERSON, 1928-12-7, 4020 Forster Mews, San Francisco, 94140, CA, 415 777 4142"
"22, David PORTER, 1932-2-7, 2401 St Davids Hall, Charleston, 29401, SC, 843 930 6706"
"23, Ethan HERNANDEZ, 1926-1-9, 2474 Gresham Downs, San Francisco, 94140, CA, 415 779 5338"
"24, Quanny HOWARD, 1952-12-5, 5954 Beck East, San Jose, 95111, CA, 408 355 3606"
"25, Jacob JONES, 1959-3-12, 1134 Stony Acre, Charleston, 29401, SC, 843 615 4358"
"26, Vlad JORDAN, 1941-6-20, 951 Spencer Beeches, Calgary, T1Y 3A8, AB, 403 296 2092"
"27, Killian REED, 2007-6-14, 8147 Old Kirton Road, San Jose, 95111, CA, 408 908 2986"
"28, Ryan ALEXANDER, 1902-7-16, 8276 Second Bank, Volgograd, 400001, VO, 506 232 4442"
"29, Samuel BAILEY, 1940-4-3, 520 Longfellow Common, Gilroy, 95020, CA, 408 276 3708"
"30, Ogrid SIMPSON, 1918-10-7, 1265 Bow Cliff, Volgograd, 400001, VO, 506 531 1268"
"31, Ogrid SULLIVAN, 1911-11-27, 72 Kendal Dell, Vancouver, V5K 0A8, BC, 604 503 5684"
"32, Ulysiss SCOTT, 1996-8-23, 5769 Ambrose Green, Alaxandria, 22304, VA, 905 152 4890"
"33, Kristopher MURRAY, 1957-11-27, 8019 Webb Acre, Moscow, 83843, ID, 855 716 2467"
"34, Aaron CRAWFORD, 1949-3-27, 6058 Longfellow Common, Moscow, 83843, ID, 855 513 2024"
"35, Heugh WHITE, 1965-12-15, 4849 Clifton Edge, Gilroy, 95020, CA, 408 210 5402"
"36, Mavrick MARTIN, 1945-5-11, 7646 Blairbeg Place, Winnipeg, R2C 0G3, MB, 306 144 5457"
"37, Jullian HENDERSON, 1931-4-21, 7207 Ambrose Green, San Francisco, 94140, CA, 415 313 8406"
"38, David GRAHAM, 1971-10-11, 8933 Coggeshall Road, Calgary, T1Y 3A8, AB, 403 869 1415"
"39, Justin THOMPSON, 1902-8-16, 5590 Woodbine Lodge, Vancouver, V5K 0A8, BC, 604 367 2496"
"40, Heugh STEVENS, 1958-1-11, 9902 Blairbeg Place, Moscow, 83843, ID, 855 176 2451"
"41, Ryan PARKER, 1913-9-27, 5360 Greenway Moor, San Francisco, 94140, CA, 415 257 1374"
"42, Vlad KING, 1974-3-29, 1602 Hallowell Close, San Francisco, 94140, CA, 415 590 7897"
"43, Veronica KING, 2001-11-3, 1411 St Combs Court, Alaxandria, 22304, VA, 905 438 3743"
"44, John WILLIAMS, 1945-6-30, 4332 Longfellow Common, Gilroy, 95020, CA, 408 301 3425"
"45, Olyiv HILL, 1915-5-5, 4044 Linksfield Street, San Jose, 95111, CA, 408 387 7123"
"46, Adam BROWN, 1931-1-6, 8592 St Davids Hall, Volgograd, 400001, VO, 506 811 4899"
"47, Rachel PEREZ, 1948-9-5, 8758 Vernon Celyn, Volgograd, 400001, VO, 506 816 8998"
"48, Flanigan GRAY, 1909-9-19, 9592 St Annes Promenade, Alaxandria, 22304, VA, 905 289 8016"
"49, Samuel LEWIS, 1966-1-1, 4556 Gray Cross, Charleston, 29401, SC, 843 937 7216"
"50, Sharell LEWIS, 1959-7-23, 9621 Windmill Brow, Vancouver, V5K 0A8, BC, 604 132 5172"
"51, Phillip PRICE, 1978-12-6, 2761 Malton Poplars, Vancouver, V5K 0A8, BC, 604 623 1115"
"52, Ogrid ROBINSON, 1967-4-25, 9335 Bernard Wood, Edmonton, T5A 0W4, AB, 780 115 4620"
"53, Jacob HUGHES, 1982-4-2, 1153 Ivy Buildings, Gilroy, 95020, CA, 408 220 3546"
"54, Veronica PHILLIPS, 1959-6-4, 477 Langdale Glade, Charleston, 29401, SC, 843 470 6925"
"55, Tylor POWELL, 1947-9-22, 4636 Hallowell Close, San Jose, 95111, CA, 408 572 7173"
"56, Vlad BARNES, 1915-10-31, 4968 Mornington Grove, Winnipeg, R2C 0G3, MB, 306 786 1809"
"57, Mavrick WILLIAMS, 1997-11-24, 8610 Humber Quadrant, Moscow, 83843, ID, 855 111 1454"
"58, Veronica PEREZ, 1971-10-9, 21 Pasture Leaze, Calgary, T1Y 3A8, AB, 403 191 6906"
"59, Sharell ROBERTS, 1967-3-27, 135 Whitestone Close, Edmonton, T5A 0W4, AB, 780 413 1131"
"60, Grant FLORES, 1922-10-22, 1308 Bow Cliff, Moscow, 83843, ID, 855 250 5188"
"61, Mavrick GRAY, 1960-8-6, 8100 Wolseley Grange, Winnipeg, R2C 0G3, MB, 306 845 3329"
"62, Ethan WARD, 1982-7-25, 9899 Stony Acre, San Francisco, 94140, CA, 415 136 1593"
"63, Yovonne WRIGHT, 1956-9-6, 6710 Lowfield Beeches, Winnipeg, R2C 0G3, MB, 306 170 8189"
"64, Jacob CRAWFORD, 2000-12-12, 2128 Whin Place, San Francisco, 94140, CA, 415 194 8475"
"65, Jevrem GREEN, 1907-9-11, 38 Humber Quadrant, Gilroy, 95020, CA, 408 392 5388"
"66, Xavier DAVIS, 1939-11-16, 1961 St Augustine Road, Charleston, 29401, SC, 843 438 8835"
"67, Mavrick WILLIAMS, 1917-3-20, 3300 Poets' Road, Alaxandria, 22304, VA, 905 344 1042"
"68, Eunice MYERS, 2003-12-28, 676 Chepstow Square, Moscow, 83843, ID, 855 642 8792"
"69, Veronica REYES, 2002-1-11, 4682 Pound Loan, San Jose, 95111, CA, 408 333 4044"
"70, Phillip PRICE, 1963-1-6, 5192 Clarence Hills, Gilroy, 95020, CA, 408 474 2622"
"71, Riley RAMOS, 1904-4-23, 9335 The Loning, Vancouver, V5K 0A8, BC, 604 575 3254"
"72, Tylor HUGHES, 1957-1-24, 4326 Watling Isaf, Moscow, 83843, ID, 855 947 4230"
"73, Zaplod GONZALES, 1977-6-28, 3953 Sievewright Street, Winnipeg, R2C 0G3, MB, 306 356 3088"
"74, Kyle FOSTER, 1923-5-15, 1457 Gray Cross, Alaxandria, 22304, VA, 905 733 2250"
"75, Jevrem SMITH, 1979-10-22, 7957 Ivy Buildings, Vancouver, V5K 0A8, BC, 604 632 1929"
"76, Justin MARTINEZ, 1992-8-7, 9967 Sir Karl Cohen Square, Volgograd, 400001, VO, 506 879 7057"
"77, Ogrid HICKS, 1956-7-22, 7323 Sievewright Street, San Jose, 95111, CA, 408 678 5553"
"78, Ogrid GREEN, 1958-3-25, 1261 St Davids Hall, San Jose, 95111, CA, 408 864 6625"
"79, John HALL, 1978-10-6, 4778 Lytton Lanes, San Jose, 95111, CA, 408 552 1250"
"80, Ulysiss JOHNSON, 1945-2-20, 4595 Westbourne Valley, Winnipeg, R2C 0G3, MB, 306 115 6588"
"81, Mike BARNES, 1924-2-7, 1525 Leighton Hawthorns, Volgograd, 400001, VO, 506 757 7826"
"82, Cleo THOMAS, 1962-12-19, 8306 Clarence Hills, Vancouver, V5K 0A8, BC, 604 873 3838"
"83, Beuatrice MARTINEZ, 1970-8-23, 852 Lords Nook, Winnipeg, R2C 0G3, MB, 306 529 4595"
"84, Tylor DAVIS, 1951-7-27, 315 Ambrose Green, Vancouver, V5K 0A8, BC, 604 807 2601"
"85, Kristopher JOHNSON, 1997-3-1, 9073 All Saints Down, Gilroy, 95020, CA, 408 426 3321"
"86, Flanigan PEREZ, 1995-4-15, 8830 High Hall, Volgograd, 400001, VO, 506 620 5317"
"87, Zaplod WASHINGTON, 1964-8-15, 1706 Torrington Furlong, Vancouver, V5K 0A8, BC, 604 551 4374"
"88, Mike ALEXANDER, 1946-8-22, 1386 Home Farm Lawns, Winnipeg, R2C 0G3, MB, 306 361 5688"
"89, Samuel MARTIN, 1908-7-12, 6443 Home Farm Lawns, Vancouver, V5K 0A8, BC, 604 744 2802"
"90, Xavier YOUNG, 1902-7-6, 6562 Linksfield Street, Winnipeg, R2C 0G3, MB, 306 107 2650"
"91, Olyiv WRIGHT, 1927-12-26, 1639 Boswell Grange, San Jose, 95111, CA, 408 263 5276"
"92, Jacob BAKER, 1998-10-17, 3075 Carrick Row, Charleston, 29401, SC, 843 505 6405"
"93, Aaron COLLINS, 1926-4-4, 5218 Chepstow Square, Charleston, 29401, SC, 843 255 1584"
"94, Ivana RIVERA, 1965-1-18, 8794 Longfellow Common, Edmonton, T5A 0W4, AB, 780 996 2710"
"95, Yovonne STEWART, 1918-11-18, 4607 Canning Head, Moscow, 83843, ID, 855 196 5423"
"96, Lilly REYES, 2000-8-23, 405 French Side, Volgograd, 400001, VO, 506 969 2402"
"97, Ethan BURNS, 1906-7-13, 4992 Stony Acre, San Francisco, 94140, CA, 415 844 1066"
"98, William CLARK, 1907-7-9, 7005 Fairey Street, Charleston, 29401, SC, 843 265 7015"
"99, Sharell WATSON, 1923-12-4, 8273 Livingstone Alley, Volgograd, 400001, VO, 506 839 1326"
"100, Jullian THOMPSON, 1919-9-4, 5039 Sir Karl Cohen Square, Gilroy, 95020, CA, 408 815 7331"
"101, Olyiv RICE, 1957-6-22, 6148 Old Kirton Road, Alaxandria, 22304, VA, 905 741 5864"
"102, Justin GIBSON, 2006-3-27, 161 St Margarets Leys, Volgograd, 400001, VO, 506 321 8843"
"103, Ulysiss KELLY, 1910-6-8, 3069 Sir Karl Cohen Square, Winnipeg, R2C 0G3, MB, 306 256 8353"
"104, David HOWARD, 1968-12-16, 7882 Lords Nook, Gilroy, 95020, CA, 408 215 8589"
"105, Killian GONZALEZ, 1933-10-14, 5394 Woodbine Lodge, San Francisco, 94140, CA, 415 896 6595"
"106, Mavrick MARTINEZ, 1953-11-27, 5239 Gill Ride, San Jose, 95111, CA, 408 752 7423"
"107, Sharell LOPEZ, 1970-4-5, 3341 Woodbine Lodge, San Francisco, 94140, CA, 415 419 2822"
"108, Phillip HUGHES, 1971-12-18, 7673 Pasture Leaze, San Jose, 95111, CA, 408 698 5561"
"109, Tylor GONZALES, 1946-5-6, 8009 Pippin Oaks, Calgary, T1Y 3A8, AB, 403 582 4934"
"110, Nikole BRYANT, 2003-11-26, 5691 Kendal Dell, Vancouver, V5K 0A8, BC, 604 718 3014"
"111, Kyle CRUZ, 1997-7-3, 5659 Providence Paddock, Charleston, 29401, SC, 843 442 7919"
"112, Zaplod EDWARDS, 1966-10-15, 7940 Burgess Gate, Vancouver, V5K 0A8, BC, 604 897 6969"
"113, Haiyi CRUZ, 1954-2-28, 3928 Bernard Wood, Moscow, 83843, ID, 855 645 8457"
"114, Ulysiss FLORES, 1908-5-7, 8120 Poets' Road, Edmonton, T5A 0W4, AB, 780 810 5653"
"115, Grant MOORE, 1961-8-10, 237 St Davids Hall, Vancouver, V5K 0A8, BC, 604 110 6361"
"116, Cleo DIAZ, 1967-5-12, 9956 St Combs Court, San Francisco, 94140, CA, 415 674 1046"
"117, Adam HENDERSON, 2000-4-14, 3702 All Saints Down, Edmonton, T5A 0W4, AB, 780 296 6819"
"118, Mavrick COOK, 1915-11-9, 646 Sievewright Street, Vancouver, V5K 0A8, BC, 604 422 3623"
"119, Ethan HICKS, 1924-7-25, 1071 Linksfield Street, Vancouver, V5K 0A8, BC, 604 978 4041"
"120, Mavrick REED, 1979-6-7, 1403 High Hall, Alaxandria, 22304, VA, 905 479 3050"
"121, Beuatrice COLLINS, 1988-7-29, 6141 Stanford Grove, Gilroy, 95020, CA, 408 452 3372"
"122, Kyle CLARK, 1901-10-27, 6316 Livingstone Alley, San Jose, 95111, CA, 408 394 4043"
"123, Riley WATSON, 1923-4-8, 8707 Langdale Glade, Moscow, 83843, ID, 855 418 5860"
"124, Samantha GREEN, 1998-6-8, 2 Birchlea Drive, Volgograd, 400001, VO, 506 572 5615"
"125, Samantha HAMILTON, 1972-6-12, 4318 Langdale Glade, San Francisco, 94140, CA, 415 239 1556"
"126, Eunice LEE, 2001-6-3, 3964 Burgess Gate, Edmonton, T5A 0W4, AB, 780 993 2301"
"127, Rachel GORDON, 1934-3-29, 139 Gresham Downs, San Francisco, 94140, CA, 415 792 1355"
"128, Flanigan PATTERSON, 1948-7-6, 8133 All Saints Down, Gilroy, 95020, CA, 408 146 7199"
"129, Vlad BROOKS, 1999-12-17, 2679 Thomson Ridge, Alaxandria, 22304, VA, 905 104 6916"
"130, Olyiv STEWART, 1963-10-21, 8357 French Side, Volgograd, 400001, VO, 506 236 7499"
"131, Haiyi HENRY, 1963-4-6, 3407 Home Farm Lawns, San Jose, 95111, CA, 408 291 8563"
"132, Persepone FREEMAN, 1990-4-21, 8676 St Margarets Acre, Winnipeg, R2C 0G3, MB, 306 256 7469"
"133, Rachel HARRISON, 1995-12-3, 5685 Marhill Road, San Francisco, 94140, CA, 415 301 5555"
"134, Ivana POWELL, 1984-3-4, 9876 Coggeshall Road, Moscow, 83843, ID, 855 656 3260"
"135, Zaplod STEVENS, 1993-8-24, 9353 Mornington Grove, Winnipeg, R2C 0G3, MB, 306 298 5507"
"136, Persepone LONG, 1906-4-5, 9800 Webb Acre, Moscow, 83843, ID, 855 640 5494"
"137, Phillip KING, 1990-10-26, 8129 Beck East, Moscow, 83843, ID, 855 123 1076"
"138, Ivana HUGHES, 1962-8-18, 5068 Coggeshall Road, San Francisco, 94140, CA, 415 617 3015"
"139, Tristiana GONZALEZ, 1993-2-20, 3890 Trent Top, Volgograd, 400001, VO, 506 929 2636"
"140, Riley REED, 2010-8-13, 8849 Clifton Edge, Alaxandria, 22304, VA, 905 714 1055"
"141, Jacob GOMEZ, 1917-10-11, 9008 Greenacre Beeches, San Jose, 95111, CA, 408 644 8564"
"142, Tristiana GRAY, 1996-1-25, 4636 Stony Acre, San Jose, 95111, CA, 408 399 1222"
"143, John HAYES, 2008-9-29, 8422 St Combs Court, Alaxandria, 22304, VA, 905 280 8910"
"144, David SIMMONS, 1926-4-17, 7245 Fairey Street, Gilroy, 95020, CA, 408 610 5443"
"145, Ivana ORTIZ, 1994-11-14, 8715 Gill Ride, Moscow, 83843, ID, 855 170 5617"
"146, Phillip NELSON, 2006-6-28, 4914 Mead Heath, Vancouver, V5K 0A8, BC, 604 555 3750"
"147, Ulysiss GRAY, 1912-12-16, 298 Langdale Glade, Charleston, 29401, SC, 843 640 6095"
"148, Adam SIMPSON, 1960-4-19, 6647 Linksfield Street, Gilroy, 95020, CA, 408 255 5108"
"149, Adam HUGHES, 1982-6-14, 1878 Spencer Beeches, Winnipeg, R2C 0G3, MB, 306 763 2104"
"150, Kyle JORDAN, 1910-6-16, 4168 Clifton Edge, Alaxandria, 22304, VA, 905 413 4101"
"151, Grant BAKER, 2002-2-20, 9823 Farmlea Road, Edmonton, T5A 0W4, AB, 780 663 5138"
"152, Phillip PERRY, 1901-6-22, 3469 Humber Quadrant, Alaxandria, 22304, VA, 905 367 3778"
"153, David WHITE, 1929-4-29, 4022 Thomson Ridge, Vancouver, V5K 0A8, BC, 604 567 4000"
"154, Mike CRUZ, 1947-8-18, 9220 Stephen Heights, Alaxandria, 22304, VA, 905 438 4879"
"155, Beuatrice FORD, 1998-1-20, 4139 Langdale Terrace, San Francisco, 94140, CA, 415 756 6196"
"156, Sharell PETERSON, 1920-8-10, 7815 St Margarets Acre, San Jose, 95111, CA, 408 786 8290"
"157, Ulysiss REED, 1977-12-27, 8119 Greenacre Beeches, Charleston, 29401, SC, 843 242 8515"
"158, Jullian GIBSON, 2004-7-19, 7919 Thomson Ridge, San Francisco, 94140, CA, 415 300 7595"
"159, Aaron WOOD, 1962-11-7, 7155 Langdale Cloisters, Alaxandria, 22304, VA, 905 424 2018"
"160, Aaron REYNOLDS, 1906-4-13, 2869 Dane Ridings, Volgograd, 400001, VO, 506 114 6506"
"161, Kyle RIVERA, 1914-3-19, 3892 Carrick Row, Gilroy, 95020, CA, 408 680 1143"
"162, David JORDAN, 2001-3-3, 5153 Ivy Buildings, San Jose, 95111, CA, 408 137 3782"
"163, Ivana GONZALES, 1902-12-13, 3689 St Augustine Road, Vancouver, V5K 0A8, BC, 604 374 4852"
"164, Samantha COLLINS, 1972-12-17, 5018 St Margarets Leys, Edmonton, T5A 0W4, AB, 780 440 4439"
"165, Vlad MILLER, 1960-8-24, 3830 Gray Cross, Edmonton, T5A 0W4, AB, 780 116 8876"
"166, Beuatrice KING, 1917-9-30, 6231 Mead Heath, Calgary, T1Y 3A8, AB, 403 406 4800"
"167, Samantha WHITE, 1970-8-4, 9159 Home Farm Lawns, Edmonton, T5A 0W4, AB, 780 642 1101"
"168, David SANCHEZ, 1952-3-18, 8685 St Margarets Leys, Winnipeg, R2C 0G3, MB, 306 798 8784"
"169, Nikole JENKINS, 1995-5-7, 952 Melbourne Meadows, San Jose, 95111, CA, 408 649 5786"
"170, Quanny HENDERSON, 1924-2-10, 6469 St Annes Promenade, San Francisco, 94140, CA, 415 343 4932"
"171, Yovonne JONES, 1933-1-30, 1896 Watling Isaf, Moscow, 83843, ID, 855 588 7821"
"172, Ivana CRUZ, 1912-1-16, 4991 Chepstow Square, Volgograd, 400001, VO, 506 152 8125"
"173, Jacob HOLMES, 1992-4-20, 7457 Clifton Edge, Volgograd, 400001, VO, 506 335 8848"
"174, Ivana FREEMAN, 1916-6-4, 8138 Forster Mews, Charleston, 29401, SC, 843 120 6000"
"175, Jevrem HOLMES, 1904-12-18, 9932 Wentworth Oak, Charleston, 29401, SC, 843 408 5113"
"176, Jevrem PERRY, 1988-9-24, 4612 Greenway Moor, San Jose, 95111, CA, 408 560 5484"
"177, Phillip POWELL, 2008-5-14, 6712 The Loning, Calgary, T1Y 3A8, AB, 403 888 1929"
"178, Kristopher HERNANDEZ, 1962-12-24, 5709 Anson Fields, Calgary, T1Y 3A8, AB, 403 568 6020"
"179, Heugh MOORE, 1953-8-24, 2567 Ivy Buildings, Charleston, 29401, SC, 843 817 7473"
"180, Persepone ORTIZ, 1987-9-15, 1887 Home Farm Lawns, Gilroy, 95020, CA, 408 147 1009"
"181, Ulysiss MORGAN, 1922-4-2, 7697 Windmill Brow, Volgograd, 400001, VO, 506 202 2669"
"182, Samuel RIVERA, 1906-8-5, 4281 Mead Heath, Vancouver, V5K 0A8, BC, 604 124 8355"
"183, Samantha PETERSON, 1972-3-6, 5831 Marhill Road, San Jose, 95111, CA, 408 283 2629"
"184, Jullian HARRIS, 1964-4-3, 7785 Home Farm Lawns, Calgary, T1Y 3A8, AB, 403 771 5267"
"185, Ivana NELSON, 1958-5-19, 2794 Beck East, Winnipeg, R2C 0G3, MB, 306 193 5554"
"186, Riley MURRAY, 1919-8-30, 4156 Clifton Edge, Calgary, T1Y 3A8, AB, 403 876 5785"
"187, Geralt COOPER, 1909-4-7, 7482 Livingstone Alley, Charleston, 29401, SC, 843 458 1470"
"188, Heugh PRICE, 1972-3-3, 8383 St Augustine Road, Gilroy, 95020, CA, 408 959 5729"
"189, Nikole GORDON, 1932-11-2, 2781 Red Kite Rise, San Francisco, 94140, CA, 415 455 1045"
"190, Ivana BROWN, 1981-12-27, 7585 Beck East, Charleston, 29401, SC, 843 386 3341"
"191, Ivana WHITE, 1923-9-15, 142 Egypt Road, Gilroy, 95020, CA, 408 214 1759"
"192, Rachel ROGERS, 1912-8-25, 3775 Mornington Grove, Moscow, 83843, ID, 855 987 6515"
"193, Persepone SCOTT, 1972-9-14, 421 Knowsley Mount, San Jose, 95111, CA, 408 659 7264"
"194, Ogrid BROOKS, 1998-11-11, 8490 Westbourne Valley, Winnipeg, R2C 0G3, MB, 306 902 1347"
"195, Ivana GIBSON, 1955-10-19, 1796 Bond Barton, Charleston, 29401, SC, 843 487 1486"
"196, Ivana TORRES, 1937-12-19, 9823 Westbourne Valley, Charleston, 29401, SC, 843 508 4618"
"197, Cleo SMITH, 1920-6-9, 1257 Anson Fields, Calgary, T1Y 3A8, AB, 403 412 5379"
"198, Olyiv KELLY, 1937-1-25, 128 Beeston Hawthorns, Volgograd, 400001, VO, 506 401 3228"
"199, Rachel MILLER, 1989-6-10, 276 Williams Cloisters, Alaxandria, 22304, VA, 905 984 7306"
"200, Heugh BAILEY, 1982-10-19, 7769 Sievewright Street, Volgograd, 400001, VO, 506 898 4448"
"201, Geralt WOOD, 2010-3-18, 6671 Longfellow Common, San Jose, 95111, CA, 408 373 7650"
"202, John WOODS, 1976-10-1, 4703 Humber Quadrant, San Francisco, 94140, CA, 415 283 7960"
"203, Justin BROOKS, 2004-12-8, 8770 St Margarets Acre, Volgograd, 400001, VO, 506 221 3496"
"204, Veronica DIAZ, 2010-3-21, 6106 All Saints Down, Edmonton, T5A 0W4, AB, 780 203 4668"
"205, Geralt THOMPSON, 1978-4-7, 9976 Sir Karl Cohen Square, Moscow, 83843, ID, 855 741 7026"
"206, Phillip ALLEN, 1984-5-24, 1443 Frog Pleasant, Volgograd, 400001, VO, 506 704 4287"
"207, Kristopher SIMPSON, 1945-10-18, 8481 Anson Fields, Charleston, 29401, SC, 843 918 8808"
"208, Yovonne MORGAN, 1949-9-8, 870 St Augustine Road, Alaxandria, 22304, VA, 905 557 4038"
"209, Mike RAMOS, 1913-9-30, 6855 Woodburn Road, Gilroy, 95020, CA, 408 622 1287"
"210, John GONZALES, 1941-4-2, 1870 Bow Cliff, San Jose, 95111, CA, 408 448 2419"
"211, William ANDERSON, 1979-12-19, 9136 Canning Head, Alaxandria, 22304, VA, 905 736 8163"
"212, Ivana ANDERSON, 1964-8-28, 293 Bow Cliff, Winnipeg, R2C 0G3, MB, 306 629 5168"
"213, Beuatrice WHITE, 1932-7-24, 9341 Cowley Reach, Charleston, 29401, SC, 843 489 1723"
"214, Rachel JONES, 1985-12-27, 7767 Williams Cloisters, San Francisco, 94140, CA, 415 679 2505"
"215, Nikole WEBB, 2003-4-25, 8244 Stephen Heights, Moscow, 83843, ID, 855 957 2782"
"216, Riley PHILLIPS, 1992-7-4, 3641 Providence Paddock, Winnipeg, R2C 0G3, MB, 306 740 6860"
"217, Eunice WHITE, 1981-3-15, 9972 Livingstone Alley, Charleston, 29401, SC, 843 127 5336"
"218, Killian DAVIS, 1906-7-5, 7368 Providence Paddock, Winnipeg, R2C 0G3, MB, 306 388 6177"
"219, Jullian MCDONALD, 1925-4-23, 6619 Spencer Beeches, San Jose, 95111, CA, 408 705 8773"
"220, David JENKINS, 2000-12-21, 2877 All Saints Down, San Jose, 95111, CA, 408 571 5749"
"221, Sharell SIMPSON, 1965-8-15, 6825 Cowley Reach, Winnipeg, R2C 0G3, MB, 306 484 1197"
"222, Yovonne CAMPBELL, 2004-1-10, 6385 Knowsley Mount, Moscow, 83843, ID, 855 709 7272"
"223, Adam RODRIGUEZ, 1953-3-18, 4217 Knowsley Mount, San Jose, 95111, CA, 408 534 1119"
"224, Lilly RICE, 1953-4-29, 1622 Linksfield Street, Gilroy, 95020, CA, 408 886 6249"
"225, Olyiv ROSS, 1910-8-7, 8210 Watling Isaf, Vancouver, V5K 0A8, BC, 604 618 6866"
"226, Kyle WHITE, 1997-1-1, 1437 Boswell Grange, Edmonton, T5A 0W4, AB, 780 309 8228"
"227, Nikole WEBB, 1949-3-23, 173 Beeston Hawthorns, Moscow, 83843, ID, 855 933 2108"
"228, William HARRISON, 1918-11-25, 2757 St Augustine Road, Alaxandria, 22304, VA, 905 961 5379"
"229, Grant WALKER, 1982-2-20, 5098 Bow Cliff, Volgograd, 400001, VO, 506 253 4962"
"230, Mavrick GORDON, 1932-6-20, 1991 Farmlea Road, Moscow, 83843, ID, 855 863 8895"
"231, Ethan MITCHELL, 2006-5-29, 985 St Peter's Glebe, Gilroy, 95020, CA, 408 778 1372"
"232, Persepone ADAMS, 1982-10-8, 1752 Red Kite Rise, Vancouver, V5K 0A8, BC, 604 849 2504"
"233, Ryan ANDERSON, 1904-11-9, 5280 Pound Loan, Volgograd, 400001, VO, 506 568 6821"
"234, Grant MASON, 1956-10-25, 1600 Sievewright Street, Calgary, T1Y 3A8, AB, 403 835 4908"
"235, Xavier RIVERA, 1905-4-18, 5051 Bond Barton, Alaxandria, 22304, VA, 905 973 6449"
"236, Nikole RICE, 1933-8-20, 716 Chepstow Square, San Jose, 95111, CA, 408 424 8895"
"237, Veronica ROBERTS, 1950-6-14, 7924 Lords Nook, Alaxandria, 22304, VA, 905 500 5285"
"238, Lilly HUNTER, 1980-2-18, 5502 Leaverholme Close, San Jose, 95111, CA, 408 747 4213"
"239, Yovonne CRUZ, 1901-7-21, 2202 Sir Karl Cohen Square, San Francisco, 94140, CA, 415 274 1114"
"240, Persepone HARRISON, 1982-4-4, 2913 Bond Barton, San Francisco, 94140, CA, 415 140 4524"
"241, Ogrid GONZALEZ, 1933-8-12, 5124 St Annes Promenade, San Francisco, 94140, CA, 415 986 3290"
"242, Samantha COLE, 1992-8-5, 4353 Lowfield Beeches, San Francisco, 94140, CA, 415 352 3819"
"243, Jacob SIMMONS, 2007-2-5, 578 Greenway Moor, Edmonton, T5A 0W4, AB, 780 797 4103"
"244, Heugh STEWART, 1981-12-29, 1185 Williams Cloisters, San Jose, 95111, CA, 408 143 2512"
"245, Ryan WEST, 1957-1-30, 9083 The Loning, San Jose, 95111, CA, 408 562 8900"
"246, Quanny MCDONALD, 1920-8-13, 4884 French Side, Vancouver, V5K 0A8, BC, 604 297 8738"
"247, Sharell RUSSELL, 1929-6-29, 3830 Woodburn Road, Calgary, T1Y 3A8, AB, 403 368 8020"
"248, David MARSHALL, 1907-4-2, 3656 Bow Cliff, Calgary, T1Y 3A8, AB, 403 557 1693"
"249, Vlad MORRIS, 1948-8-15, 4214 Langdale Glade, San Francisco, 94140, CA, 415 829 3954"
"250, William KENNEDY, 1955-8-14, 4044 St Combs Court, Moscow, 83843, ID, 855 184 1702"
"251, David GRIFFIN, 1980-8-5, 7764 Linksfield Street, Edmonton, T5A 0W4, AB, 780 892 1633"
"252, Aaron COOPER, 1904-11-26, 190 Ambrose Green, Edmonton, T5A 0W4, AB, 780 759 5992"
"253, Veronica COOK, 1937-2-27, 3797 Argyll Dene, San Francisco, 94140, CA, 415 776 5059"
"254, Heugh SMITH, 1968-9-10, 571 Cowley Reach, Vancouver, V5K 0A8, BC, 604 318 7514"
"255, Quanny MCDONALD, 1990-9-19, 8301 Woodburn Road, Vancouver, V5K 0A8, BC, 604 721 2106"
"256, Tristiana STEVENS, 1947-1-22, 7200 Torrington Furlong, Calgary, T1Y 3A8, AB, 403 855 4281"
"257, Beuatrice NELSON, 2010-4-27, 4205 Bond Barton, Calgary, T1Y 3A8, AB, 403 307 6011"
"258, David GRAHAM, 1968-7-28, 608 Livingstone Alley, Edmonton, T5A 0W4, AB, 780 172 1731"
"259, Persepone TURNER, 1907-10-14, 5788 Lytton Lanes, Calgary, T1Y 3A8, AB, 403 404 4708"
"260, Phillip ROSS, 1998-8-19, 4230 Argyll Dene, San Jose, 95111, CA, 408 871 8085"
"261, Veronica CLARK, 1994-3-6, 8948 Wentworth Oak, San Francisco, 94140, CA, 415 618 1602"
"262, Ivana BAKER, 1965-7-26, 1264 Blairbeg Place, Volgograd, 400001, VO, 506 604 2151"
"263, Tristiana THOMPSON, 1928-4-18, 1137 Woodburn Road, Volgograd, 400001, VO, 506 233 4055"
"264, Adam BELL, 1914-8-31, 9450 Bow Cliff, Winnipeg, R2C 0G3, MB, 306 493 8526"
"265, Cleo SCOTT, 1937-11-27, 3951 Spencer Beeches, San Jose, 95111, CA, 408 204 6969"
"266, Geralt WALLACE, 1926-6-20, 8727 Bow Cliff, Gilroy, 95020, CA, 408 937 8022"
"267, Ivana BAILEY, 1949-1-10, 8816 Whin Place, Winnipeg, R2C 0G3, MB, 306 288 6424"
"268, Veronica HERNANDEZ, 1901-5-3, 5853 Whin Place, Vancouver, V5K 0A8, BC, 604 347 5485"
"269, Eunice CLARK, 1948-8-9, 5307 Sievewright Street, Moscow, 83843, ID, 855 764 5489"
"270, Samantha MARTIN, 1988-7-24, 1726 Old Kirton Road, San Jose, 95111, CA, 408 452 2502"
"271, Veronica CARTER, 1972-10-6, 9073 Burgess Gate, San Francisco, 94140, CA, 415 283 7972"
"272, Mavrick CARTER, 1959-2-4, 37 Stephen Heights, Charleston, 29401, SC, 843 857 2273"
"273, Vlad ELLIS, 1976-8-5, 867 Sir Karl Cohen Square, Moscow, 83843, ID, 855 472 6216"
"274, Jevrem MURRAY, 1919-3-20, 6870 Sir Karl Cohen Square, San Jose, 95111, CA, 408 757 3001"
"275, Geralt ALEXANDER, 1988-8-11, 4857 Argyll Dene, Charleston, 29401, SC, 843 907 1661"
"276, Sharell STEVENS, 1941-5-17, 6996 Wentworth Oak, Winnipeg, R2C 0G3, MB, 306 786 5598"
"277, Mike ROBERTS, 1917-11-3, 3282 St Peter's Glebe, Calgary, T1Y 3A8, AB, 403 872 7113"
"278, Jevrem WEST, 1921-9-21, 7276 Woodburn Road, Charleston, 29401, SC, 843 781 3036"
"279, Phillip REED, 1930-7-4, 6964 Spencer Beeches, Volgograd, 400001, VO, 506 243 8754"
"280, William BENNETT, 1925-10-23, 1124 Lytton Lanes, San Jose, 95111, CA, 408 606 6415"
"281, Ivana WARD, 1996-5-28, 7397 Lords Nook, San Francisco, 94140, CA, 415 949 4894"
"282, Tylor TURNER, 1946-5-12, 1986 Dane Ridings, Alaxandria, 22304, VA, 905 131 1402"
"283, William MARTIN, 1919-1-31, 5465 Frog Pleasant, Gilroy, 95020, CA, 408 806 6325"
"284, Mavrick CRAWFORD, 1945-12-3, 3263 Humber Quadrant, Vancouver, V5K 0A8, BC, 604 337 4776"
"285, Justin CLARK, 1910-1-1, 2769 Livingstone Alley, Moscow, 83843, ID, 855 908 1746"
"286, Beuatrice PETERSON, 2005-10-26, 1311 Stanford Grove, Volgograd, 400001, VO, 506 364 8149"
"287, Jevrem MARTINEZ, 1922-1-28, 5618 Argyll Dene, Moscow, 83843, ID, 855 356 4202"
"288, Aaron NELSON, 1930-8-31, 2911 Furness Bridge, San Francisco, 94140, CA, 415 658 8017"
"289, Yovonne CAMPBELL, 1921-2-2, 3179 Carrick Row, Edmonton, T5A 0W4, AB, 780 451 8106"
"290, William KENNEDY, 2007-6-28, 4582 Sievewright Street, Gilroy, 95020, CA, 408 947 2873"
"291, Justin GONZALES, 1965-9-21, 5380 The Loning, Charleston, 29401, SC, 843 717 8913"
"292, Ulysiss GARCIA, 1952-5-12, 3306 Woodburn Road, Winnipeg, R2C 0G3, MB, 306 287 3529"
"293, Beuatrice MORALES, 1900-2-2, 8120 Spencer Beeches, Alaxandria, 22304, VA, 905 330 1621"
"294, Justin TURNER, 1918-4-5, 8489 French Side, Volgograd, 400001, VO, 506 333 8644"
"295, Flanigan MITCHELL, 1972-1-12, 9495 Second Bank, Moscow, 83843, ID, 855 401 2343"
"296, Adam BENNETT, 1913-11-8, 9566 Humber Quadrant, Alaxandria, 22304, VA, 905 979 5556"
"297, Mike FREEMAN, 1908-8-20, 8623 Blairbeg Place, Vancouver, V5K 0A8, BC, 604 110 4429"
"298, William PETERSON, 1932-10-12, 1058 Lords Nook, Moscow, 83843, ID, 855 471 4733"
"299, Beuatrice ELLIS, 1991-10-19, 5687 St Margarets Leys, San Francisco, 94140, CA, 415 899 7832"
"300, Samuel GARCIA, 1933-12-13, 5483 St Margarets Leys, San Jose, 95111, CA, 408 569 3271"
"301, Persepone MYERS, 2007-12-23, 4033 Pippin Oaks, Moscow, 83843, ID, 855 332 8767"
"302, Rachel WEBB, 1936-5-31, 1975 Pippin Oaks, Alaxandria, 22304, VA, 905 914 1787"
"303, Ogrid HAMILTON, 1931-9-20, 8501 Williams Cloisters, Winnipeg, R2C 0G3, MB, 306 796 7442"
"304, Ivana FLORES, 1969-6-9, 3932 Spencer Beeches, Winnipeg, R2C 0G3, MB, 306 578 8804"
"305, Heugh MURRAY, 1992-11-21, 5214 Red Kite Rise, Gilroy, 95020, CA, 408 652 2050"
"306, Samuel HARRISON, 1912-3-27, 9058 Bow Cliff, San Jose, 95111, CA, 408 997 4095"
"307, Mike ANDERSON, 1950-1-15, 5256 Lowfield Beeches, Edmonton, T5A 0W4, AB, 780 477 1039"
"308, Nikole ROBINSON, 1981-4-17, 1700 Leaverholme Close, Moscow, 83843, ID, 855 836 1056"
"309, Rachel STEVENS, 1956-10-8, 802 Chepstow Square, Vancouver, V5K 0A8, BC, 604 401 3858"
"310, Ivana PORTER, 1948-11-13, 3741 Lytton Lanes, Vancouver, V5K 0A8, BC, 604 841 3450"
"311, Flanigan BROWN, 1910-7-13, 3309 Watling Isaf, Alaxandria, 22304, VA, 905 383 3711"
"312, Kristopher DIXON, 1983-11-11, 7920 Watling Isaf, Winnipeg, R2C 0G3, MB, 306 612 4902"
"313, Tristiana HAMILTON, 1924-9-29, 9375 St Combs Court, San Jose, 95111, CA, 408 315 5508"
"314, Beuatrice GIBSON, 2000-1-14, 1105 Old Kirton Road, Volgograd, 400001, VO, 506 923 8264"
"315, Cleo COOPER, 1976-10-18, 1020 Blairbeg Place, Vancouver, V5K 0A8, BC, 604 954 2719"
"316, Xavier ROGERS, 1947-1-31, 4852 Anson Fields, Gilroy, 95020, CA, 408 582 5649"
"317, Mike DAVIS, 1958-12-22, 3089 Sir Karl Cohen Square, Winnipeg, R2C 0G3, MB, 306 684 3128"
"318, Nikole RICE, 1910-1-16, 5767 Pound Loan, Gilroy, 95020, CA, 408 978 1961"
"319, Adam PORTER, 1941-2-18, 4775 Fairey Street, Vancouver, V5K 0A8, BC, 604 777 3516"
"320, Aaron REYNOLDS, 1930-1-26, 4341 Red Kite Rise, Calgary, T1Y 3A8, AB, 403 664 8131"
"321, Ryan CAMPBELL, 1901-6-17, 7227 Knowsley Mount, San Jose, 95111, CA, 408 665 4313"
"322, Nikole WARREN, 1981-8-9, 2327 Clifton Edge, Vancouver, V5K 0A8, BC, 604 738 1782"
"323, Ryan WEBB, 1965-6-22, 4956 Marhill Road, Winnipeg, R2C 0G3, MB, 306 189 4261"
"324, Ogrid FREEMAN, 1995-8-21, 9795 Chepstow Square, Winnipeg, R2C 0G3, MB, 306 809 1495"
"325, Grant BOYD, 1996-1-23, 1220 St Peter's Glebe, San Jose, 95111, CA, 408 741 2136"
"326, Ulysiss WELLS, 1909-10-8, 1648 Second Bank, Charleston, 29401, SC, 843 440 8868"
"327, Grant PERRY, 1927-3-6, 7972 Hallowell Close, Volgograd, 400001, VO, 506 108 2857"
"328, Grant BROWN, 1931-7-29, 175 Sir Karl Cohen Square, Alaxandria, 22304, VA, 905 977 2629"
"329, Grant MARTIN, 1954-7-19, 7669 French Side, Winnipeg, R2C 0G3, MB, 306 707 3613"
"330, Haiyi PARKER, 1974-10-17, 3298 Fairey Street, San Jose, 95111, CA, 408 461 6472"
"331, Rachel ROBERTS, 1906-8-19, 8825 Melbourne Meadows, Edmonton, T5A 0W4, AB, 780 274 1039"
"332, Rachel RODRIGUEZ, 1930-9-18, 5247 Brompton Brambles, Vancouver, V5K 0A8, BC, 604 950 8714"
"333, Tristiana BROOKS, 1974-11-2, 7076 Farmlea Road, Edmonton, T5A 0W4, AB, 780 612 1765"
"334, Jacob LOPEZ, 2005-4-4, 8568 Whin Place, San Francisco, 94140, CA, 415 908 1734"
"335, Zaplod SHAW, 1930-12-22, 1317 Leaverholme Close, Gilroy, 95020, CA, 408 746 6129"
"336, Beuatrice JOHNSON, 1972-2-22, 5524 Wolseley Grange, Calgary, T1Y 3A8, AB, 403 790 4549"
"337, Vlad WOODS, 2002-10-16, 4251 Leighton Hawthorns, Moscow, 83843, ID, 855 168 1328"
"338, Sharell KENNEDY, 1975-10-1, 6979 Old Kirton Road, Calgary, T1Y 3A8, AB, 403 443 3988"
"339, Ryan WOOD, 1915-5-15, 8780 Burgess Gate, Moscow, 83843, ID, 855 217 4585"
"340, Justin RAMIREZ, 2003-2-10, 7127 Carrick Row, Charleston, 29401, SC, 843 944 2864"
"341, Quanny MCDONALD, 1924-3-13, 7763 Watling Isaf, Edmonton, T5A 0W4, AB, 780 258 6907"
"342, Quanny JACKSON, 1911-12-14, 2878 Gill Ride, Vancouver, V5K 0A8, BC, 604 262 6822"
"343, Tylor TURNER, 1965-8-29, 4555 High Hall, Winnipeg, R2C 0G3, MB, 306 420 8606"
"344, Grant OWENS, 1932-6-13, 2927 Leaverholme Close, Winnipeg, R2C 0G3, MB, 306 591 1825"
"345, Lilly MYERS, 1996-10-28, 7974 Chepstow Square, Gilroy, 95020, CA, 408 733 2461"
"346, Heugh OWENS, 1910-12-2, 7091 Wentworth Oak, Vancouver, V5K 0A8, BC, 604 822 2071"
"347, Samuel FOSTER, 1919-5-16, 5641 Forbes Bottom, Gilroy, 95020, CA, 408 535 3995"
"348, Adam HUNTER, 1938-7-24, 3344 Ambrose Green, Gilroy, 95020, CA, 408 545 5988"
"349, Nikole RICE, 1981-9-8, 2798 Canning Head, Edmonton, T5A 0W4, AB, 780 931 8821"
"350, Adam SHAW, 2001-11-8, 7602 Ambrose Green, Gilroy, 95020, CA, 408 890 8256"
"351, Haiyi RAMIREZ, 1917-4-18, 3432 Beeston Hawthorns, Charleston, 29401, SC, 843 490 6036"
"352, Kyle RAMOS, 1941-4-25, 3939 Langdale Terrace, Alaxandria, 22304, VA, 905 576 2693"
"353, Beuatrice YOUNG, 1966-11-4, 7861 Edinburgh Parc, San Jose, 95111, CA, 408 642 7426"
"354, John STEWART, 1943-10-3, 7935 Red Kite Rise, Alaxandria, 22304, VA, 905 691 8579"
"355, Yovonne ROBINSON, 1926-3-21, 7128 Langdale Terrace, Vancouver, V5K 0A8, BC, 604 826 1795"
"356, Adam ELLIS, 1987-5-25, 7414 Pippin Oaks, Moscow, 83843, ID, 855 616 5042"
"357, Persepone YOUNG, 1970-6-15, 1736 Malton Poplars, Edmonton, T5A 0W4, AB, 780 433 7052"
"358, Geralt EVANS, 1937-9-7, 2984 Home Farm Lawns, Moscow, 83843, ID, 855 518 8618"
"359, Olyiv HENRY, 1957-6-23, 5807 Wolseley Grange, San Francisco, 94140, CA, 415 727 8888"
"360, Aaron MOORE, 1933-12-9, 3981 Gresham Downs, Calgary, T1Y 3A8, AB, 403 274 2089"
"361, Persepone RICHARDSON, 1927-11-18, 9807 Lowfield Beeches, Alaxandria, 22304, VA, 905 491 6601"
"362, Persepone ELLIS, 1988-7-11, 6726 Greenacre Beeches, Calgary, T1Y 3A8, AB, 403 179 1852"
"363, Ethan WASHINGTON, 1944-5-29, 8935 Cowley Reach, Calgary, T1Y 3A8, AB, 403 460 4795"
"364, Ogrid THOMAS, 1984-7-4, 9299 Wolseley Grange, Calgary, T1Y 3A8, AB, 403 714 2430"
"365, Samuel WRIGHT, 1973-1-8, 5314 Leighton Hawthorns, San Francisco, 94140, CA, 415 564 2957"
"366, Lilly COX, 1951-7-5, 2698 Boswell Grange, San Francisco, 94140, CA, 415 718 8198"
"367, William FISHER, 1979-11-27, 6613 Bernard Wood, Moscow, 83843, ID, 855 801 8314"
"368, Nikole LEE, 1987-9-18, 6550 Canning Head, San Jose, 95111, CA, 408 296 8691"
"369, John SANDERS, 1915-3-19, 7937 Torrington Furlong, Moscow, 83843, ID, 855 459 5702"
"370, Nikole ROSS, 1903-11-3, 4201 St Margarets Leys, Edmonton, T5A 0W4, AB, 780 916 8075"
"371, Kyle WARREN, 1934-8-7, 4585 Kendal Parade, Calgary, T1Y 3A8, AB, 403 155 1766"
"372, Ethan JACKSON, 1984-2-6, 5068 Linksfield Street, San Francisco, 94140, CA, 415 307 8201"
"373, Eunice BELL, 1958-5-25, 1208 Langdale Terrace, Gilroy, 95020, CA, 408 697 3745"
"374, Ethan RAMIREZ, 1976-4-2, 8346 Livingstone Alley, Calgary, T1Y 3A8, AB, 403 938 2507"
"375, William REED, 1975-6-5, 3174 Trent Top, Vancouver, V5K 0A8, BC, 604 668 2184"
"376, Ethan BUTLER, 1957-1-10, 7276 Wallis Reach, San Jose, 95111, CA, 408 799 8805"
"377, Cleo ROBERTS, 1988-4-30, 4246 Parkland Park, Volgograd, 400001, VO, 506 500 8132"
"378, Eunice MARTIN, 1994-4-17, 1416 Lowfield Beeches, Moscow, 83843, ID, 855 906 1996"
"379, Ulysiss FORD, 1966-7-27, 5711 Pound Loan, Moscow, 83843, ID, 855 365 7083"
"380, Persepone OWENS, 1903-9-13, 3265 Trent Top, Vancouver, V5K 0A8, BC, 604 838 5843"
"381, Riley SIMPSON, 1950-1-28, 1794 Hallowell Close, San Jose, 95111, CA, 408 620 5197"
"382, Riley GRIFFIN, 1988-8-17, 140 Pippin Oaks, Vancouver, V5K 0A8, BC, 604 130 2321"
"383, Aaron DIAZ, 1979-1-15, 9883 Edinburgh Parc, Calgary, T1Y 3A8, AB, 403 939 7094"
"384, Jullian COOPER, 2003-8-14, 7338 Torrington Furlong, Alaxandria, 22304, VA, 905 607 5041"
"385, Samuel HUGHES, 1922-1-17, 6005 Parkland Park, Calgary, T1Y 3A8, AB, 403 147 5867"
"386, Ulysiss MARTINEZ, 2000-10-13, 7470 Clifton Edge, Winnipeg, R2C 0G3, MB, 306 689 2811"
"387, Quanny RAMIREZ, 1965-5-27, 2196 Pippin Oaks, Alaxandria, 22304, VA, 905 662 2597"
"388, Samantha WILSON, 1962-12-28, 2208 Greenacre Beeches, Moscow, 83843, ID, 855 149 2376"
"389, Nikole RAMOS, 1920-5-4, 1198 Beck East, Calgary, T1Y 3A8, AB, 403 802 4468"
"390, Aaron BAKER, 1967-12-21, 9011 Blairbeg Place, Volgograd, 400001, VO, 506 354 4124"
"391, Tristiana COLEMAN, 1967-5-22, 5393 Longfellow Common, Moscow, 83843, ID, 855 977 3799"
"392, Quanny RAMIREZ, 1986-12-29, 9899 Whitestone Close, Alaxandria, 22304, VA, 905 673 1433"
"393, Lilly POWELL, 1970-2-25, 9356 High Hall, San Francisco, 94140, CA, 415 150 8703"
"394, Riley DIXON, 1927-1-7, 2356 Canning Head, Calgary, T1Y 3A8, AB, 403 130 4923"
"395, Eunice MORRIS, 1992-5-30, 7427 Egypt Road, Winnipeg, R2C 0G3, MB, 306 325 5373"
"396, Xavier GARCIA, 1912-11-22, 5561 Pippin Oaks, Alaxandria, 22304, VA, 905 572 8065"
"397, Aaron RUSSELL, 1997-6-11, 7522 Leaverholme Close, Charleston, 29401, SC, 843 858 6927"
"398, Grant BRYANT, 1958-7-1, 4427 Pippin Oaks, Charleston, 29401, SC, 843 104 1347"
"399, Jullian CARTER, 1976-3-23, 6490 All Saints Down, Charleston, 29401, SC, 843 288 4266"
"400, William PHILLIPS, 1964-5-4, 2730 Webb Acre, Edmonton, T5A 0W4, AB, 780 521 8606"
"401, Veronica JAMES, 1991-3-23, 5927 Mornington Grove, Moscow, 83843, ID, 855 836 3248"
"402, Tylor SHAW, 1916-8-14, 5467 Gresham Downs, Gilroy, 95020, CA, 408 869 6220"
"403, Ogrid CLARK, 2004-4-5, 3971 Boswell Grange, Edmonton, T5A 0W4, AB, 780 813 8477"
"404, Geralt MCDONALD, 1952-6-16, 2007 Sievewright Street, Vancouver, V5K 0A8, BC, 604 406 8183"
"405, John HARRIS, 1963-2-10, 7014 Thomson Ridge, Alaxandria, 22304, VA, 905 883 3003"
"406, Olyiv GRAHAM, 1985-6-11, 4122 Canning Head, San Jose, 95111, CA, 408 541 7489"
"407, Ivana RICE, 1962-5-4, 8171 Whitestone Close, Moscow, 83843, ID, 855 369 7465"
"408, Tristiana JACKSON, 1998-6-25, 3851 Woodburn Road, Winnipeg, R2C 0G3, MB, 306 694 1534"
"409, Ethan BAKER, 1978-12-25, 379 Webb Acre, Volgograd, 400001, VO, 506 174 7364"
"410, Tylor GONZALES, 1974-6-14, 6074 St Combs Court, Moscow, 83843, ID, 855 906 3445"
"411, Heugh HARRISON, 1930-10-28, 691 Farmlea Road, Alaxandria, 22304, VA, 905 754 8782"
"412, Ogrid MITCHELL, 1981-1-14, 6863 Greenacre Beeches, Volgograd, 400001, VO, 506 937 8215"
"413, Jacob HARRISON, 1944-12-4, 7085 Clifton Edge, Charleston, 29401, SC, 843 739 8218"
"414, Xavier ROGERS, 1945-8-24, 6369 Blairbeg Place, Charleston, 29401, SC, 843 402 6681"
"415, Haiyi BARNES, 1997-6-13, 9896 St Margarets Acre, Calgary, T1Y 3A8, AB, 403 928 2495"
"416, Persepone WATSON, 1969-5-24, 4946 Furness Bridge, Charleston, 29401, SC, 843 683 8344"
"417, Jacob PORTER, 1944-10-13, 6739 Parkland Park, Winnipeg, R2C 0G3, MB, 306 439 3096"
"418, Kristopher BOYD, 1957-7-28, 7378 French Side, Gilroy, 95020, CA, 408 770 7704"
"419, Samuel PORTER, 1996-4-9, 8648 St Davids Hall, Alaxandria, 22304, VA, 905 619 1974"
"420, Zaplod CLARK, 1988-3-25, 5708 Spencer Beeches, Charleston, 29401, SC, 843 826 3257"
"421, Mike MOORE, 1949-1-8, 1272 Home Farm Lawns, Charleston, 29401, SC, 843 898 7433"
"422, Eunice NELSON, 1908-1-11, 3680 Red Kite Rise, Gilroy, 95020, CA, 408 315 1886"
"423, Jacob HERNANDEZ, 1970-8-10, 8031 Marhill Road, Alaxandria, 22304, VA, 905 851 2742"
"424, Grant HOLMES, 1902-9-25, 4638 Dane Ridings, Vancouver, V5K 0A8, BC, 604 504 6028"
"425, Ethan WILLIAMS, 1998-9-5, 4652 Kendal Parade, Alaxandria, 22304, VA, 905 528 8027"
"426, Xavier YOUNG, 1961-5-8, 4606 Gresham Downs, Edmonton, T5A 0W4, AB, 780 871 1766"
"427, Phillip DAVIS, 1937-11-8, 89 Wentworth Oak, Alaxandria, 22304, VA, 905 237 6865"
"428, Ryan COOPER, 2003-2-17, 6794 Bow Cliff, Edmonton, T5A 0W4, AB, 780 976 4015"
"429, Ogrid ORTIZ, 1942-8-26, 3546 Wolseley Grange, Vancouver, V5K 0A8, BC, 604 805 8934"
"430, Sharell BAILEY, 1956-6-22, 7439 Egypt Road, Calgary, T1Y 3A8, AB, 403 433 6259"
"431, Aaron PORTER, 1960-7-10, 1312 Bow Cliff, San Francisco, 94140, CA, 415 690 5927"
"432, Ulysiss MURRAY, 1978-11-27, 9014 Hallowell Close, Vancouver, V5K 0A8, BC, 604 305 7298"
"433, Tylor BAILEY, 1999-8-3, 6499 French Side, Volgograd, 400001, VO, 506 189 8719"
"434, Ryan HENRY, 1974-4-2, 5111 Egypt Road, Winnipeg, R2C 0G3, MB, 306 306 7204"
"435, David MOORE, 1992-12-11, 3547 Longfellow Common, San Jose, 95111, CA, 408 422 8319"
"436, Ivana CRAWFORD, 1959-5-8, 9131 St Augustine Road, San Francisco, 94140, CA, 415 790 3408"
"437, David SMITH, 1971-2-5, 402 Beck East, Charleston, 29401, SC, 843 924 2306"
"438, Mike MORRIS, 1989-8-20, 5565 Wallis Reach, Edmonton, T5A 0W4, AB, 780 653 7267"
"439, Kristopher BAKER, 1907-5-30, 4077 Livingstone Alley, Charleston, 29401, SC, 843 537 6338"
"440, Ivana HAMILTON, 1953-3-4, 6205 Bond Barton, Charleston, 29401, SC, 843 259 2656"
"441, Flanigan FOSTER, 1946-2-1, 1790 Whin Place, Edmonton, T5A 0W4, AB, 780 212 2439"
"442, Ryan GREEN, 1938-10-11, 7260 Pound Loan, Calgary, T1Y 3A8, AB, 403 203 2489"
"443, Samantha HAMILTON, 1915-10-9, 463 Furness Bridge, Volgograd, 400001, VO, 506 321 7211"
"444, Sharell WILLIAMS, 1998-4-27, 7273 Dane Ridings, Calgary, T1Y 3A8, AB, 403 506 5778"
"445, Ivana BURNS, 1958-6-4, 4375 Melbourne Meadows, San Francisco, 94140, CA, 415 420 8473"
"446, Xavier SANCHEZ, 1954-2-19, 527 Woodburn Road, Winnipeg, R2C 0G3, MB, 306 922 4132"
"447, Riley RICHARDSON, 1940-10-1, 6198 Hampshire Wynd, Calgary, T1Y 3A8, AB, 403 922 4079"
"448, Jevrem MORRIS, 1910-4-10, 864 Old Kirton Road, Edmonton, T5A 0W4, AB, 780 155 2324"
"449, Killian SHAW, 1950-3-31, 9306 Wallis Reach, Moscow, 83843, ID, 855 439 1355"
"450, Zaplod COOK, 1953-1-29, 9233 St Davids Hall, San Jose, 95111, CA, 408 893 8629"
"451, Jevrem COOPER, 1984-5-27, 2657 Westbourne Valley, Alaxandria, 22304, VA, 905 338 1710"
"452, Zaplod RUSSELL, 1930-5-24, 4942 Williams Cloisters, Calgary, T1Y 3A8, AB, 403 316 7313"
"453, Xavier MCDONALD, 1975-7-30, 6918 Woodburn Road, Edmonton, T5A 0W4, AB, 780 692 7628"
"454, Ivana KENNEDY, 1919-9-10, 458 St Davids Hall, Charleston, 29401, SC, 843 775 4998"
"455, Ulysiss TURNER, 2001-8-7, 6591 St Davids Hall, Charleston, 29401, SC, 843 382 5665"
"456, Aaron KENNEDY, 1982-2-19, 7950 Anson Fields, Moscow, 83843, ID, 855 398 3394"
"457, Quanny JAMES, 1952-2-13, 7539 Brompton Brambles, Vancouver, V5K 0A8, BC, 604 972 8780"
"458, Ethan HARRISON, 1901-9-10, 9213 Clifton Edge, Charleston, 29401, SC, 843 592 8051"
"459, Tylor KENNEDY, 1915-6-3, 3413 Malton Poplars, Edmonton, T5A 0W4, AB, 780 365 6445"
"460, Jullian HOWARD, 2002-3-24, 1110 Home Farm Lawns, Moscow, 83843, ID, 855 270 1425"
"461, Sharell MILLER, 1965-5-6, 2713 Frog Pleasant, Volgograd, 400001, VO, 506 147 3626"
"462, Veronica MCDONALD, 1924-8-25, 2709 Greenacre Beeches, Edmonton, T5A 0W4, AB, 780 558 3325"
"463, Kristopher WOODS, 1922-10-17, 4449 Gray Cross, Winnipeg, R2C 0G3, MB, 306 353 2510"
"464, Samantha FLORES, 1983-1-21, 9589 Chepstow Square, San Francisco, 94140, CA, 415 205 2524"
"465, Jacob KING, 1905-4-15, 6554 Woodburn Road, Gilroy, 95020, CA, 408 486 2016"
"466, Ivana GIBSON, 1978-12-26, 1810 Gray Cross, Calgary, T1Y 3A8, AB, 403 972 6153"
"467, Rachel BARNES, 1996-11-4, 2072 Poets' Road, Gilroy, 95020, CA, 408 123 7731"
"468, John HERNANDEZ, 1947-12-7, 9161 Poets' Road, San Francisco, 94140, CA, 415 972 2263"
"469, Phillip GONZALES, 1957-8-21, 2259 Kendal Parade, San Jose, 95111, CA, 408 358 5431"
"470, Ethan FLORES, 2001-5-31, 5185 Williams Cloisters, Charleston, 29401, SC, 843 426 2844"
"471, David MOORE, 1995-9-10, 1961 Pasture Leaze, San Jose, 95111, CA, 408 545 6564"
"472, Lilly RAMIREZ, 1975-12-13, 8062 St Peter's Glebe, Winnipeg, R2C 0G3, MB, 306 191 2605"
"473, Aaron SULLIVAN, 1912-1-13, 1867 Mead Heath, Volgograd, 400001, VO, 506 637 2225"
"474, Mike BAKER, 1991-9-26, 1693 Livingstone Alley, Volgograd, 400001, VO, 506 708 6718"
"475, Tristiana SHAW, 1905-10-9, 1154 Wentworth Oak, Edmonton, T5A 0W4, AB, 780 394 1230"
"476, Jullian MORALES, 1998-7-22, 5351 Beeston Hawthorns, Charleston, 29401, SC, 843 248 4753"
"477, Flanigan CRUZ, 1934-8-30, 9637 Stanford Grove, Gilroy, 95020, CA, 408 907 2430"
"478, Yovonne HUNTER, 1968-4-17, 6511 Pound Loan, Gilroy, 95020, CA, 408 880 7138"
"479, Aaron WEST, 1908-11-2, 7407 Blairbeg Place, San Jose, 95111, CA, 408 541 1592"
"480, William DIAZ, 1987-2-24, 5546 Kendal Parade, San Francisco, 94140, CA, 415 493 8533"
"481, Xavier BURNS, 1960-8-3, 781 Egypt Road, San Jose, 95111, CA, 408 564 7644"
"482, Olyiv LEWIS, 1999-5-11, 3415 Birchlea Drive, Charleston, 29401, SC, 843 982 6074"
"483, Samantha THOMPSON, 1974-3-27, 1751 Hampshire Wynd, San Jose, 95111, CA, 408 649 3657"
"484, Jacob PETERSON, 1969-4-11, 4512 Cowley Reach, Alaxandria, 22304, VA, 905 772 4008"
"485, Xavier GARCIA, 1978-5-22, 2724 Kendal Parade, Edmonton, T5A 0W4, AB, 780 272 8085"
"486, Flanigan MORGAN, 1943-4-15, 4992 Wentworth Oak, Volgograd, 400001, VO, 506 599 7265"
"487, Kyle GRAHAM, 1935-2-19, 2856 Watling Isaf, Vancouver, V5K 0A8, BC, 604 260 3741"
"488, William YOUNG, 2009-3-12, 8964 Wolseley Grange, Edmonton, T5A 0W4, AB, 780 115 1202"
"489, William ROBERTS, 1938-12-29, 9137 Mead Heath, Vancouver, V5K 0A8, BC, 604 797 8815"
"490, Eunice WILLIAMS, 1944-4-27, 5321 Burgess Gate, Gilroy, 95020, CA, 408 138 6319"
"491, David JACKSON, 1902-10-12, 1436 Gray Cross, San Francisco, 94140, CA, 415 583 6828"
"492, Sharell PORTER, 1969-12-11, 6713 Boswell Grange, San Francisco, 94140, CA, 415 750 1319"
"493, Haiyi PERRY, 1966-11-24, 671 Langdale Cloisters, Vancouver, V5K 0A8, BC, 604 154 1324"
"494, Samantha HUGHES, 1979-3-22, 8501 Beck East, Winnipeg, R2C 0G3, MB, 306 323 5844"
"495, Mike MURRAY, 1942-12-19, 4371 Home Farm Lawns, Calgary, T1Y 3A8, AB, 403 161 7618"
"496, Xavier HOWARD, 2010-3-12, 4199 St Annes Promenade, Alaxandria, 22304, VA, 905 989 3952"
"497, Heugh JORDAN, 1900-1-18, 1105 Forster Mews, Calgary, T1Y 3A8, AB, 403 484 8993"
"498, Mike WASHINGTON, 1960-3-15, 8575 Edinburgh Parc, Volgograd, 400001, VO, 506 345 2108"
"499, Heugh RICE, 1932-4-11, 8864 Wolseley Grange, Charleston, 29401, SC, 843 653 5581"
"500, Nikole GIBSON, 1947-5-27, 2684 St Peter's Glebe, Charleston, 29401, SC, 843 622 6482"
"501, Adam HALL, 1974-2-3, 9148 Home Farm Lawns, Charleston, 29401, SC, 843 141 8425"
"502, Cleo THOMAS, 1972-11-5, 8464 Greenway Moor, San Francisco, 94140, CA, 415 323 2145"
"503, Ulysiss CARTER, 1987-10-23, 3667 Fairey Street, Calgary, T1Y 3A8, AB, 403 401 7053"
"504, Jevrem COOPER, 1905-3-20, 6980 Lowfield Beeches, Calgary, T1Y 3A8, AB, 403 107 2767"
"505, Haiyi MARTINEZ, 1966-11-10, 1971 Thomson Ridge, Moscow, 83843, ID, 855 660 8746"
"506, Olyiv SMITH, 2004-12-2, 8708 Cowley Reach, San Francisco, 94140, CA, 415 482 2670"
"507, Justin GORDON, 1905-6-11, 9312 St Margarets Acre, Vancouver, V5K 0A8, BC, 604 705 2857"
"508, Kyle MORGAN, 1995-1-16, 8092 St Peter's Glebe, Gilroy, 95020, CA, 408 347 3438"
"509, Kyle BAILEY, 1902-3-12, 7543 Humber Quadrant, San Francisco, 94140, CA, 415 499 5304"
"510, Riley LEE, 1902-5-2, 7886 Red Kite Rise, San Francisco, 94140, CA, 415 382 8995"
"511, Ulysiss HALL, 1944-10-23, 1195 Second Bank, Charleston, 29401, SC, 843 548 4255"
"512, Zaplod WILSON, 1986-3-17, 9469 St Augustine Road, Winnipeg, R2C 0G3, MB, 306 374 2356"
"513, Ogrid CRUZ, 1909-7-1, 9227 Beeston Hawthorns, Moscow, 83843, ID, 855 404 4592"
"514, Jacob BROWN, 1951-8-10, 5432 Kendal Parade, Vancouver, V5K 0A8, BC, 604 692 1668"
"515, Mavrick HOWARD, 1900-8-7, 4811 Knowsley Mount, Charleston, 29401, SC, 843 201 8297"
"516, Tylor HALL, 1924-3-19, 9261 Wentworth Oak, San Jose, 95111, CA, 408 405 2235"
"517, Haiyi HARRIS, 1928-8-30, 247 Livingstone Alley, Gilroy, 95020, CA, 408 976 6626"
"518, Kyle HAYES, 1904-8-26, 874 Cowley Reach, Vancouver, V5K 0A8, BC, 604 131 6356"
"519, Lilly RUSSELL, 1954-10-27, 174 Hallowell Close, San Francisco, 94140, CA, 415 936 8939"
"520, Samuel GORDON, 1987-12-11, 1440 High Hall, Alaxandria, 22304, VA, 905 437 7433"
"521, Jacob RUSSELL, 1928-3-25, 909 Pound Loan, San Jose, 95111, CA, 408 611 5086"
"522, Heugh WILSON, 1990-8-27, 1807 Gray Cross, Edmonton, T5A 0W4, AB, 780 684 4146"
"523, Kyle GONZALES, 1968-2-20, 4152 French Side, Calgary, T1Y 3A8, AB, 403 185 6250"
"524, Yovonne GARCIA, 1923-11-11, 7159 Chepstow Square, Winnipeg, R2C 0G3, MB, 306 284 6466"
"525, Ivana RAMIREZ, 1949-11-30, 8879 Beeston Hawthorns, Winnipeg, R2C 0G3, MB, 306 919 8615"
"526, Olyiv MASON, 1908-5-29, 8281 Westbourne Valley, Gilroy, 95020, CA, 408 372 5711"
"527, Veronica MOORE, 2007-6-9, 7302 Edinburgh Parc, Gilroy, 95020, CA, 408 365 3968"
"528, Sharell MARTINEZ, 1924-7-12, 8658 Bernard Wood, San Jose, 95111, CA, 408 456 7723"
"529, Quanny BURNS, 1998-11-19, 2206 Hampshire Wynd, Charleston, 29401, SC, 843 408 5936"
"530, Ogrid BARNES, 1952-6-2, 8016 St Combs Court, San Jose, 95111, CA, 408 860 8739"
"531, Vlad GORDON, 1901-3-22, 8558 Mornington Grove, Winnipeg, R2C 0G3, MB, 306 458 7290"
"532, Grant HOLMES, 1944-12-29, 7070 Kendal Dell, Gilroy, 95020, CA, 408 599 3155"
"533, David GONZALES, 1966-5-28, 3300 Old Kirton Road, Winnipeg, R2C 0G3, MB, 306 374 3487"
"534, Samuel RODRIGUEZ, 1986-7-19, 9613 Thomson Ridge, Alaxandria, 22304, VA, 905 697 4756"
"535, Olyiv RICE, 1916-6-27, 7070 Poets' Road, Moscow, 83843, ID, 855 890 1430"
"536, Jullian MARTINEZ, 1905-11-28, 5937 St Combs Court, Vancouver, V5K 0A8, BC, 604 146 4599"
"537, Vlad GONZALES, 1968-10-4, 8271 Humber Quadrant, San Francisco, 94140, CA, 415 474 2054"
"538, Cleo MURRAY, 1928-2-1, 1332 Clarence Hills, Moscow, 83843, ID, 855 920 6833"
"539, Samuel MORRIS, 1972-3-13, 4567 Pasture Leaze, Gilroy, 95020, CA, 408 384 4578"
"540, Mike TURNER, 1952-5-21, 4961 St Annes Promenade, San Jose, 95111, CA, 408 464 1677"
"541, Kyle ROBINSON, 1903-7-16, 1455 Malton Poplars, San Jose, 95111, CA, 408 696 7499"
"542, Nikole FISHER, 1935-6-28, 7879 Langdale Cloisters, Moscow, 83843, ID, 855 600 7394"
"543, Ulysiss RODRIGUEZ, 1956-6-30, 613 Langdale Cloisters, Edmonton, T5A 0W4, AB, 780 671 4039"
"544, Nikole MOORE, 1953-12-11, 4719 Langdale Cloisters, Alaxandria, 22304, VA, 905 498 6727"
"545, Nikole STEVENS, 2004-9-10, 8457 St Peter's Glebe, Gilroy, 95020, CA, 408 334 6738"
"546, Tristiana SANCHEZ, 1928-3-9, 4340 Carrick Row, Vancouver, V5K 0A8, BC, 604 922 1443"
"547, Kristopher WRIGHT, 1952-4-1, 5242 Bernard Wood, Calgary, T1Y 3A8, AB, 403 344 2745"
"548, Riley SIMPSON, 1993-2-14, 1610 High Hall, San Jose, 95111, CA, 408 394 7315"
"549, Sharell YOUNG, 1919-12-23, 2249 Clifton Edge, Charleston, 29401, SC, 843 663 1866"
"550, Ivana WILLIAMS, 1904-3-2, 9122 Wallis Reach, Gilroy, 95020, CA, 408 621 3222"
"551, Eunice HALL, 1917-8-17, 2387 Cowley Reach, Calgary, T1Y 3A8, AB, 403 108 3298"
"552, Ethan SIMMONS, 2009-7-6, 2179 Stanford Grove, Calgary, T1Y 3A8, AB, 403 946 2499"
"553, Zaplod TORRES, 1901-9-6, 1498 Lowfield Beeches, Alaxandria, 22304, VA, 905 184 7620"
"554, Olyiv DAVIS, 1948-4-15, 5700 Carrick Row, Edmonton, T5A 0W4, AB, 780 951 6975"
"555, Lilly PATTERSON, 1973-9-29, 3845 St Peter's Glebe, San Jose, 95111, CA, 408 348 3330"
"556, Grant THOMPSON, 1927-5-21, 7679 Watling Isaf, Gilroy, 95020, CA, 408 409 6106"
"557, William GREEN, 1942-9-26, 373 Torrington Furlong, Volgograd, 400001, VO, 506 277 1604"
"558, Olyiv YOUNG, 1918-6-27, 1225 Malton Poplars, Gilroy, 95020, CA, 408 730 1449"
"559, Adam COLLINS, 1924-8-8, 6144 Second Bank, Moscow, 83843, ID, 855 678 8546"
"560, Kyle HERNANDEZ, 1947-2-12, 4345 St Peter's Glebe, San Jose, 95111, CA, 408 117 8886"
"561, Ulysiss MOORE, 1950-8-15, 5281 Whitestone Close, Alaxandria, 22304, VA, 905 771 2960"
"562, Lilly ALEXANDER, 1961-5-5, 7080 Carrick Row, Alaxandria, 22304, VA, 905 685 5911"
"563, Mike HUGHES, 1994-11-3, 7929 Forster Mews, Vancouver, V5K 0A8, BC, 604 894 4704"
"564, Zaplod POWELL, 1961-1-18, 9142 Mornington Grove, Alaxandria, 22304, VA, 905 213 3002"
"565, John PATTERSON, 1912-8-29, 6288 Old Kirton Road, Charleston, 29401, SC, 843 683 5247"
"566, Grant KENNEDY, 1907-9-5, 9484 Red Kite Rise, Moscow, 83843, ID, 855 984 2899"
"567, Tristiana RODRIGUEZ, 2000-1-27, 9750 Blairbeg Place, Edmonton, T5A 0W4, AB, 780 731 6907"
"568, Mike ANDERSON, 1996-7-29, 6494 Kendal Parade, Edmonton, T5A 0W4, AB, 780 454 5791"
"569, Ivana COOPER, 1914-8-18, 4911 Westbourne Valley, Edmonton, T5A 0W4, AB, 780 836 8350"
"570, Mike HENRY, 1983-3-3, 5203 Malton Poplars, Calgary, T1Y 3A8, AB, 403 181 7088"
"571, Rachel WARD, 1916-10-8, 3296 Forbes Bottom, Volgograd, 400001, VO, 506 370 6472"
"572, Jullian WALLACE, 1973-7-17, 9978 The Loning, Moscow, 83843, ID, 855 213 7986"
"573, Flanigan COLE, 1905-9-30, 8173 Greenway Moor, Winnipeg, R2C 0G3, MB, 306 148 1015"
"574, Flanigan ADAMS, 1938-1-28, 9382 Melbourne Meadows, Edmonton, T5A 0W4, AB, 780 923 7570"
"575, Killian ROBERTS, 1963-12-26, 6185 Anson Fields, Alaxandria, 22304, VA, 905 502 4824"
"576, Ivana COLLINS, 1952-3-21, 3403 St Augustine Road, Vancouver, V5K 0A8, BC, 604 190 3133"
"577, Kyle HILL, 1989-6-28, 1694 Egypt Road, Winnipeg, R2C 0G3, MB, 306 898 6097"
"578, Quanny WASHINGTON, 1958-8-24, 6417 Longfellow Common, Gilroy, 95020, CA, 408 219 1136"
"579, Kristopher HENRY, 1941-5-26, 9381 Kendal Parade, San Francisco, 94140, CA, 415 631 1187"
"580, Ulysiss WRIGHT, 1964-7-6, 4217 Anson Fields, Charleston, 29401, SC, 843 394 8844"
"581, Nikole BARNES, 1984-10-21, 48 Westbourne Valley, Vancouver, V5K 0A8, BC, 604 525 1331"
"582, Jullian RUSSELL, 1976-10-15, 8191 Beeston Hawthorns, Moscow, 83843, ID, 855 107 8677"
"583, Adam HOLMES, 1944-6-4, 3323 Boswell Grange, San Jose, 95111, CA, 408 440 1369"
"584, Grant SCOTT, 1904-2-14, 2107 Egypt Road, San Francisco, 94140, CA, 415 162 3405"
"585, Beuatrice OWENS, 1982-8-30, 6731 Poets' Road, Gilroy, 95020, CA, 408 771 2557"
"586, Beuatrice GRIFFIN, 1934-1-7, 9022 Egypt Road, San Francisco, 94140, CA, 415 509 7563"
"587, Killian EVANS, 1930-6-15, 5593 Chepstow Square, Moscow, 83843, ID, 855 865 1205"
"588, Ethan WRIGHT, 1956-10-10, 2018 St Peter's Glebe, Alaxandria, 22304, VA, 905 224 2914"
"589, Ulysiss RAMIREZ, 1919-12-24, 832 Bernard Wood, San Jose, 95111, CA, 408 185 3224"
"590, Ryan WARD, 1953-10-22, 126 Leighton Hawthorns, San Francisco, 94140, CA, 415 522 5892"
"591, Flanigan TUCKER, 1907-5-22, 2063 Wentworth Oak, Charleston, 29401, SC, 843 750 8729"
"592, Xavier OWENS, 1977-11-13, 1866 Kendal Parade, San Francisco, 94140, CA, 415 692 3964"
"593, Riley REED, 1939-6-5, 7537 Clifton Edge, Winnipeg, R2C 0G3, MB, 306 669 2733"
"594, Persepone CLARK, 1947-11-17, 2305 Birchlea Drive, Gilroy, 95020, CA, 408 438 5837"
"595, Nikole LOPEZ, 1997-1-11, 9067 Stephen Heights, Calgary, T1Y 3A8, AB, 403 216 1509"
"596, Phillip REYES, 1926-1-8, 5671 Windmill Brow, Volgograd, 400001, VO, 506 349 5252"
"597, Samantha ADAMS, 1962-8-8, 6937 Trent Top, Edmonton, T5A 0W4, AB, 780 314 3605"
"598, Mike LEE, 1905-12-30, 7156 Webb Acre, Alaxandria, 22304, VA, 905 418 8589"
"599, Beuatrice RIVERA, 1909-1-31, 3226 Boswell Grange, Winnipeg, R2C 0G3, MB, 306 225 8414"
"600, Vlad WILLIAMS, 1919-5-22, 5635 Ivy Buildings, Volgograd, 400001, VO, 506 803 4261"
"601, Mike MURPHY, 1961-8-2, 2422 Parkland Park, Volgograd, 400001, VO, 506 410 7151"
"602, Mike WHITE, 1979-5-1, 3325 Watling Isaf, Edmonton, T5A 0W4, AB, 780 233 4386"
"603, Ulysiss WALKER, 1989-10-2, 211 Windmill Brow, Calgary, T1Y 3A8, AB, 403 718 4927"
"604, Ethan TAYLOR, 1952-11-4, 1217 Second Bank, Volgograd, 400001, VO, 506 485 4837"
"605, Cleo BROOKS, 1951-11-23, 6865 Knowsley Mount, Alaxandria, 22304, VA, 905 231 8600"
"606, Jacob MURPHY, 2000-7-2, 6531 Whin Place, Alaxandria, 22304, VA, 905 810 3997"
"607, Olyiv EDWARDS, 1913-3-6, 7486 Anson Fields, Gilroy, 95020, CA, 408 163 7527"
"608, Adam GRAY, 1926-4-7, 9236 St Margarets Leys, Edmonton, T5A 0W4, AB, 780 184 6171"
"609, Mike PEREZ, 1943-4-18, 3152 French Side, San Francisco, 94140, CA, 415 635 3308"
"610, Xavier SIMPSON, 1952-10-9, 6233 St Peter's Glebe, Calgary, T1Y 3A8, AB, 403 362 5755"
"611, Olyiv WOODS, 1992-3-30, 8090 Hallowell Close, Calgary, T1Y 3A8, AB, 403 423 7281"
"612, Ulysiss HOLMES, 1955-7-17, 7319 Chepstow Square, Edmonton, T5A 0W4, AB, 780 423 3131"
"613, Quanny HOLMES, 1905-1-16, 4582 Mornington Grove, Vancouver, V5K 0A8, BC, 604 972 2058"
"614, William PERRY, 1954-2-1, 7640 Stephen Heights, Winnipeg, R2C 0G3, MB, 306 518 7972"
"615, Mike PEREZ, 2005-7-4, 8887 Westbourne Valley, Charleston, 29401, SC, 843 945 4649"
"616, Phillip FLORES, 1984-2-19, 8865 Lytton Lanes, San Francisco, 94140, CA, 415 612 5866"
"617, Sharell CAMPBELL, 1930-6-24, 4871 Parkland Park, Moscow, 83843, ID, 855 423 3949"
"618, Yovonne ROGERS, 1912-11-15, 3527 The Loning, Calgary, T1Y 3A8, AB, 403 969 4258"
"619, Rachel ROBERTSON, 1929-3-25, 6763 St Margarets Acre, Winnipeg, R2C 0G3, MB, 306 144 6836"
"620, Beuatrice PATTERSON, 1982-3-11, 2432 Marhill Road, Calgary, T1Y 3A8, AB, 403 506 5193"
"621, Samantha SMITH, 1941-1-31, 5422 Frog Pleasant, Gilroy, 95020, CA, 408 437 8797"
"622, Cleo WARD, 1991-11-6, 1905 St Peter's Glebe, Calgary, T1Y 3A8, AB, 403 569 5348"
"623, Jevrem BOYD, 1945-10-11, 2396 Clifton Edge, Moscow, 83843, ID, 855 497 5727"
"624, Rachel ALEXANDER, 1999-8-7, 2646 Furness Bridge, Edmonton, T5A 0W4, AB, 780 933 2109"
"625, Ivana MARTIN, 1948-5-7, 6388 Westbourne Valley, Winnipeg, R2C 0G3, MB, 306 767 2911"
"626, Zaplod WHITE, 1905-3-14, 4570 Wallis Reach, Alaxandria, 22304, VA, 905 870 1643"
"627, Yovonne STEWART, 1971-12-2, 4623 Beck East, San Jose, 95111, CA, 408 586 5535"
"628, Flanigan PARKER, 1979-7-7, 1295 Poets' Road, Vancouver, V5K 0A8, BC, 604 954 5608"
"629, Ivana BAKER, 1921-3-2, 8163 Leighton Hawthorns, Moscow, 83843, ID, 855 260 2615"
"630, Kyle GRAY, 1993-11-18, 435 The Loning, San Jose, 95111, CA, 408 535 7908"
"631, Ivana YOUNG, 2004-9-23, 5553 Ivy Buildings, Gilroy, 95020, CA, 408 400 1744"
"632, Mike CAMPBELL, 1998-3-1, 4178 Knowsley Mount, Moscow, 83843, ID, 855 781 2440"
"633, Flanigan GONZALES, 1910-7-5, 7729 Providence Paddock, Winnipeg, R2C 0G3, MB, 306 410 5684"
"634, Eunice LEE, 1947-12-26, 9225 Frog Pleasant, Charleston, 29401, SC, 843 422 5351"
"635, Olyiv COOK, 1932-2-13, 5191 Ivy Buildings, Moscow, 83843, ID, 855 169 3925"
"636, Adam DIXON, 1989-1-14, 1305 St Peter's Glebe, Charleston, 29401, SC, 843 133 7089"
"637, Heugh RIVERA, 1963-8-24, 1718 Egypt Road, Moscow, 83843, ID, 855 750 4194"
"638, Ivana SULLIVAN, 1963-4-23, 9963 Lowfield Beeches, Moscow, 83843, ID, 855 637 2136"
"639, Sharell KENNEDY, 1928-4-12, 7892 Bond Barton, Winnipeg, R2C 0G3, MB, 306 156 5970"
"640, Ethan ORTIZ, 1901-9-22, 7538 Spencer Beeches, Vancouver, V5K 0A8, BC, 604 927 7709"
"641, Vlad COX, 1982-3-4, 2792 Kendal Parade, San Jose, 95111, CA, 408 853 1208"
"642, Lilly PATTERSON, 1903-8-10, 5580 Greenacre Beeches, Alaxandria, 22304, VA, 905 778 6145"
"643, Phillip PEREZ, 1916-7-2, 417 Woodburn Road, Moscow, 83843, ID, 855 978 3757"
"644, Mike ROBERTSON, 1956-1-11, 8229 Sievewright Street, San Francisco, 94140, CA, 415 156 7751"
"645, Rachel HALL, 1903-7-16, 5346 Furness Bridge, Charleston, 29401, SC, 843 258 1152"
"646, Samantha WHITE, 1995-4-4, 2877 Watling Isaf, San Jose, 95111, CA, 408 383 8504"
"647, Eunice GONZALEZ, 1952-2-18, 3387 Humber Quadrant, Charleston, 29401, SC, 843 584 2556"
"648, Aaron HAMILTON, 1917-2-5, 2639 Humber Quadrant, Edmonton, T5A 0W4, AB, 780 638 5630"
"649, Kyle BRYANT, 1929-12-18, 6106 Williams Cloisters, Gilroy, 95020, CA, 408 852 6398"
"650, Ryan PEREZ, 2004-2-28, 5956 Spencer Beeches, Calgary, T1Y 3A8, AB, 403 772 8716"
"651, Samantha DIXON, 1943-9-6, 9099 Edinburgh Parc, Gilroy, 95020, CA, 408 277 5704"
"652, Tylor ROSS, 1951-9-21, 8109 Malton Poplars, Edmonton, T5A 0W4, AB, 780 590 6119"
"653, Eunice BELL, 1966-10-22, 8793 St Augustine Road, Alaxandria, 22304, VA, 905 549 6324"
"654, Phillip LEE, 1923-3-23, 267 Stanford Grove, Charleston, 29401, SC, 843 176 4873"
"655, John HOLMES, 1944-5-9, 9578 Beeston Hawthorns, San Francisco, 94140, CA, 415 386 6299"
"656, Killian WALLACE, 1959-1-19, 7342 St Augustine Road, Calgary, T1Y 3A8, AB, 403 603 2786"
"657, Killian SIMMONS, 1905-11-2, 4198 Ambrose Green, Alaxandria, 22304, VA, 905 121 8548"
"658, Flanigan CRUZ, 1956-9-23, 5931 Gray Cross, Alaxandria, 22304, VA, 905 782 1364"
"659, Sharell ALEXANDER, 1951-6-13, 7814 Hallowell Close, Volgograd, 400001, VO, 506 264 4449"
"660, John WELLS, 2006-4-28, 9018 Leaverholme Close, Moscow, 83843, ID, 855 945 3284"
"661, Ulysiss LOPEZ, 1941-1-2, 8550 Edinburgh Parc, Charleston, 29401, SC, 843 330 2760"
"662, Phillip JORDAN, 2001-5-14, 6935 Hampshire Wynd, Charleston, 29401, SC, 843 441 1172"
"663, Mike WARREN, 1937-6-13, 7147 Gill Ride, San Jose, 95111, CA, 408 456 5567"
"664, Eunice ALLEN, 2009-6-2, 3108 The Loning, San Francisco, 94140, CA, 415 691 1832"
"665, John PHILLIPS, 2010-7-26, 4147 High Hall, Gilroy, 95020, CA, 408 759 5925"
"666, Beuatrice MARTINEZ, 1901-10-31, 2213 Woodburn Road, Volgograd, 400001, VO, 506 213 2715"
"667, Persepone JENKINS, 1988-10-4, 9613 Brompton Brambles, San Jose, 95111, CA, 408 883 1199"
"668, Tylor RICHARDSON, 1923-4-22, 594 Old Kirton Road, Charleston, 29401, SC, 843 473 4272"
"669, Adam MURPHY, 1996-10-5, 2447 Pound Loan, Winnipeg, R2C 0G3, MB, 306 735 4608"
"670, Yovonne WOODS, 1946-3-13, 3145 Cowley Reach, San Jose, 95111, CA, 408 943 8399"
"671, Kyle OWENS, 2006-5-16, 9831 Old Kirton Road, Moscow, 83843, ID, 855 426 7450"
"672, Flanigan POWELL, 1952-9-13, 2072 Birchlea Drive, Moscow, 83843, ID, 855 303 3729"
"673, Haiyi ELLIS, 1963-5-7, 5240 Kendal Parade, Vancouver, V5K 0A8, BC, 604 948 2979"
"674, Rachel SHAW, 1969-6-27, 4545 Malton Poplars, Charleston, 29401, SC, 843 341 6294"
"675, Ulysiss STEVENS, 2009-12-9, 3096 Whin Place, Edmonton, T5A 0W4, AB, 780 668 6412"
"676, Ivana WHITE, 1908-6-28, 6582 Lytton Lanes, Edmonton, T5A 0W4, AB, 780 346 6154"
"677, Zaplod WEST, 2010-8-22, 1457 Old Kirton Road, Calgary, T1Y 3A8, AB, 403 869 8355"
"678, Olyiv MORGAN, 2008-3-4, 6741 St Combs Court, San Francisco, 94140, CA, 415 512 3665"
"679, Tristiana CRAWFORD, 1988-1-17, 3203 Livingstone Alley, Moscow, 83843, ID, 855 586 5888"
"680, Cleo KELLY, 1913-9-29, 6654 Marhill Road, San Francisco, 94140, CA, 415 504 1873"
"681, Jacob RAMIREZ, 1966-1-2, 6228 Langdale Terrace, San Jose, 95111, CA, 408 754 6575"
"682, Geralt MCDONALD, 1914-6-21, 1206 Wallis Reach, Winnipeg, R2C 0G3, MB, 306 820 3468"
"683, Ogrid PERRY, 1973-8-12, 3470 Mornington Grove, Volgograd, 400001, VO, 506 880 6674"
"684, Jullian WHITE, 1977-5-29, 9915 Spencer Beeches, San Jose, 95111, CA, 408 682 8898"
"685, Tylor GORDON, 1991-10-19, 3497 Bond Barton, San Francisco, 94140, CA, 415 571 1628"
"686, Beuatrice SHAW, 1958-9-21, 3042 Providence Paddock, Volgograd, 400001, VO, 506 347 1716"
"687, Mike MYERS, 1977-10-25, 9055 Mead Heath, Calgary, T1Y 3A8, AB, 403 252 1159"
"688, Tylor RICHARDSON, 1951-12-4, 3757 Birchlea Drive, Calgary, T1Y 3A8, AB, 403 473 4531"
"689, Killian CLARK, 1931-4-14, 368 Forster Mews, Winnipeg, R2C 0G3, MB, 306 158 3401"
"690, Ivana REYNOLDS, 1987-3-20, 4362 Kendal Parade, Winnipeg, R2C 0G3, MB, 306 621 3106"
"691, Persepone COX, 1980-11-4, 1913 Farmlea Road, Alaxandria, 22304, VA, 905 132 3624"
"692, Ulysiss MURRAY, 1946-6-14, 1298 Cowley Reach, San Jose, 95111, CA, 408 814 6125"
"693, Ethan PERRY, 1998-1-12, 7606 St Combs Court, Moscow, 83843, ID, 855 472 4514"
"694, Ryan RIVERA, 1992-3-3, 6166 Cowley Reach, Edmonton, T5A 0W4, AB, 780 363 7047"
"695, Tylor GREEN, 2004-6-4, 9710 Hampshire Wynd, Winnipeg, R2C 0G3, MB, 306 940 8261"
"696, Rachel WEBB, 1932-5-17, 7247 Providence Paddock, San Jose, 95111, CA, 408 652 7328"
"697, Cleo HILL, 1993-9-29, 2962 Malton Poplars, Winnipeg, R2C 0G3, MB, 306 336 4006"
"698, Vlad RICE, 1919-11-15, 7374 Linksfield Street, Edmonton, T5A 0W4, AB, 780 421 2847"
"699, Geralt MURRAY, 1948-1-5, 1608 Beeston Hawthorns, San Jose, 95111, CA, 408 822 6351"
"700, Ogrid FISHER, 1971-4-22, 321 Bernard Wood, Volgograd, 400001, VO, 506 405 1309"
"701, John MARTIN, 1942-8-25, 9043 Woodbine Lodge, San Francisco, 94140, CA, 415 956 1566"
"702, Zaplod WEBB, 1996-1-23, 9204 Mead Heath, Moscow, 83843, ID, 855 490 8032"
"703, Sharell ALLEN, 1947-11-29, 6367 Beeston Hawthorns, Alaxandria, 22304, VA, 905 167 3014"
"704, Beuatrice HOWARD, 1969-10-4, 1371 Burgess Gate, Moscow, 83843, ID, 855 493 2481"
"705, Lilly SULLIVAN, 1947-10-2, 4026 St Annes Promenade, Charleston, 29401, SC, 843 580 4561"
"706, Heugh LOPEZ, 1900-1-25, 8849 Furness Bridge, Winnipeg, R2C 0G3, MB, 306 964 1586"
"707, William ANDERSON, 1985-11-26, 4215 The Loning, Moscow, 83843, ID, 855 275 8238"
"708, Tylor TUCKER, 1908-3-5, 5925 Woodbine Lodge, Moscow, 83843, ID, 855 121 7340"
"709, Ivana BAILEY, 1991-9-17, 2164 Lords Nook, Charleston, 29401, SC, 843 109 6917"
"710, Lilly JENKINS, 1957-5-30, 4763 Ambrose Green, Alaxandria, 22304, VA, 905 915 2000"
"711, Riley JENKINS, 1931-1-5, 1542 Humber Quadrant, Vancouver, V5K 0A8, BC, 604 327 5366"
"712, Killian ROBINSON, 1933-1-22, 3515 Woodbine Lodge, Edmonton, T5A 0W4, AB, 780 692 2644"
"713, Eunice KELLY, 1970-1-27, 3461 Gresham Downs, Charleston, 29401, SC, 843 120 5666"
"714, Killian MASON, 2005-9-27, 3906 Furness Bridge, San Francisco, 94140, CA, 415 744 7637"
"715, Samantha REYNOLDS, 1965-7-16, 3031 Argyll Dene, San Jose, 95111, CA, 408 566 6846"
"716, Ivana CRAWFORD, 1989-4-13, 2482 Watling Isaf, Charleston, 29401, SC, 843 257 5770"
"717, Mavrick ROGERS, 1971-2-7, 3150 Clarence Hills, Alaxandria, 22304, VA, 905 984 6209"
"718, Veronica KELLY, 1943-5-10, 100 Humber Quadrant, Alaxandria, 22304, VA, 905 473 5157"
"719, Geralt WARD, 1986-7-11, 7694 High Hall, Volgograd, 400001, VO, 506 763 3446"
"720, Samantha JONES, 1979-12-1, 4175 Thomson Ridge, Volgograd, 400001, VO, 506 151 6630"
"721, Adam JONES, 1930-7-19, 834 Stephen Heights, Charleston, 29401, SC, 843 698 3064"
"722, Olyiv POWELL, 1962-9-24, 4269 Melbourne Meadows, San Francisco, 94140, CA, 415 258 5011"
"723, Jevrem WALKER, 1917-3-14, 6010 Watling Isaf, Moscow, 83843, ID, 855 960 6147"
"724, Ryan SIMPSON, 1989-2-24, 7372 Old Kirton Road, Alaxandria, 22304, VA, 905 210 6325"
"725, Beuatrice GRAHAM, 1925-12-10, 2095 Beck East, Charleston, 29401, SC, 843 963 6066"
"726, Jullian WARD, 1908-9-23, 4277 Stephen Heights, Winnipeg, R2C 0G3, MB, 306 892 3551"
"727, Tristiana PHILLIPS, 1965-2-23, 5719 Anson Fields, Alaxandria, 22304, VA, 905 663 8078"
"728, Veronica SULLIVAN, 1923-1-8, 5255 Trent Top, Calgary, T1Y 3A8, AB, 403 409 8175"
"729, Veronica WARD, 1992-5-22, 270 Westbourne Valley, Alaxandria, 22304, VA, 905 612 4642"
"730, Veronica SANCHEZ, 2009-6-21, 8741 Longfellow Common, Charleston, 29401, SC, 843 897 8380"
"731, Tylor WASHINGTON, 1951-3-13, 6051 Argyll Dene, Winnipeg, R2C 0G3, MB, 306 847 4735"
"732, Aaron GRAY, 1934-3-15, 2609 Chepstow Square, Alaxandria, 22304, VA, 905 675 6511"
"733, William HAYES, 1995-11-15, 3356 Greenway Moor, San Francisco, 94140, CA, 415 604 3382"
"734, Persepone SIMPSON, 1949-1-8, 936 Langdale Terrace, Vancouver, V5K 0A8, BC, 604 613 2389"
"735, Cleo ORTIZ, 1925-4-16, 1199 Hallowell Close, Charleston, 29401, SC, 843 849 8899"
"736, Olyiv JONES, 1954-12-22, 3990 Ambrose Green, Winnipeg, R2C 0G3, MB, 306 505 1047"
"737, Jevrem TAYLOR, 1911-7-24, 8930 Westbourne Valley, Winnipeg, R2C 0G3, MB, 306 715 4520"
"738, Ethan HALL, 2005-5-9, 932 Bow Cliff, Volgograd, 400001, VO, 506 698 7835"
"739, Vlad FLORES, 1995-11-6, 4801 Old Kirton Road, Edmonton, T5A 0W4, AB, 780 966 8858"
"740, Geralt PERRY, 1957-2-5, 2128 Argyll Dene, Alaxandria, 22304, VA, 905 963 5301"
"741, Ivana HUGHES, 1922-8-31, 3182 Torrington Furlong, Moscow, 83843, ID, 855 318 2720"
"742, Yovonne PEREZ, 1951-4-9, 5154 Beck East, Edmonton, T5A 0W4, AB, 780 194 2916"
"743, Quanny RIVERA, 1903-5-13, 11 Bernard Wood, Charleston, 29401, SC, 843 739 7652"
"744, Zaplod WILSON, 1993-4-9, 7287 Kendal Parade, Calgary, T1Y 3A8, AB, 403 199 3864"
"745, Vlad HICKS, 1951-10-5, 7957 French Side, Calgary, T1Y 3A8, AB, 403 992 4247"
"746, David HUNTER, 1955-4-2, 3676 Frog Pleasant, Gilroy, 95020, CA, 408 125 5093"
"747, Vlad GRAY, 1954-3-19, 2152 Watling Isaf, San Jose, 95111, CA, 408 445 3709"
"748, Phillip KING, 1926-5-21, 3699 Dane Ridings, Winnipeg, R2C 0G3, MB, 306 657 8722"
"749, Kristopher WELLS, 1964-9-12, 9272 Torrington Furlong, San Francisco, 94140, CA, 415 296 2955"
"750, William TORRES, 2002-5-12, 3343 Torrington Furlong, Moscow, 83843, ID, 855 843 1227"
"751, William PATTERSON, 1923-1-8, 628 Torrington Furlong, Alaxandria, 22304, VA, 905 254 8537"
"752, Ivana HENRY, 1932-9-30, 6446 Marhill Road, Winnipeg, R2C 0G3, MB, 306 347 2843"
"753, Kyle MORALES, 1953-6-26, 155 Dane Ridings, Calgary, T1Y 3A8, AB, 403 623 2399"
"754, Olyiv CLARK, 2007-9-22, 9140 Whitestone Close, Volgograd, 400001, VO, 506 830 2008"
"755, Eunice OWENS, 1911-12-21, 6091 Longfellow Common, Calgary, T1Y 3A8, AB, 403 131 4218"
"756, Yovonne PHILLIPS, 1997-12-11, 4350 Knowsley Mount, Volgograd, 400001, VO, 506 354 7870"
"757, Justin COLEMAN, 1995-10-3, 9699 Cowley Reach, Vancouver, V5K 0A8, BC, 604 801 5749"
"758, Beuatrice HOWARD, 1989-3-23, 4062 St Annes Promenade, Edmonton, T5A 0W4, AB, 780 142 3654"
"759, Ethan BUTLER, 1952-11-26, 4187 Providence Paddock, Calgary, T1Y 3A8, AB, 403 584 2417"
"760, Grant PETERSON, 1960-2-10, 5959 French Side, Winnipeg, R2C 0G3, MB, 306 517 7566"
"761, Jacob MILLER, 1905-9-20, 3303 Sir Karl Cohen Square, Gilroy, 95020, CA, 408 543 8148"
"762, Samantha TAYLOR, 1979-5-8, 9288 Second Bank, Gilroy, 95020, CA, 408 850 3583"
"763, Jullian WALKER, 1964-2-20, 7737 Wentworth Oak, Winnipeg, R2C 0G3, MB, 306 932 7297"
"764, Justin MARTINEZ, 1941-9-7, 2557 St Davids Hall, Charleston, 29401, SC, 843 323 2427"
"765, Jullian SMITH, 1915-9-15, 2761 Trent Top, Edmonton, T5A 0W4, AB, 780 610 2559"
"766, Phillip HUNTER, 1960-6-13, 796 Providence Paddock, Gilroy, 95020, CA, 408 349 2937"
"767, Kyle BRYANT, 1977-5-4, 7075 Watling Isaf, Calgary, T1Y 3A8, AB, 403 970 7817"
"768, Jevrem WARREN, 2005-12-19, 8511 St Peter's Glebe, Calgary, T1Y 3A8, AB, 403 661 8902"
"769, Jullian RAMOS, 1987-9-14, 7058 Brompton Brambles, Vancouver, V5K 0A8, BC, 604 973 2616"
"770, Aaron ELLIS, 1916-9-25, 3610 Sievewright Street, San Jose, 95111, CA, 408 445 2969"
"771, Xavier WALKER, 1998-11-18, 401 Parkland Park, Winnipeg, R2C 0G3, MB, 306 733 5686"
"772, Samantha ALLEN, 1938-1-20, 8136 Second Bank, San Jose, 95111, CA, 408 323 3897"
"773, Eunice ROBINSON, 2003-7-2, 3519 Melbourne Meadows, Gilroy, 95020, CA, 408 167 2437"
"774, Kristopher RICHARDSON, 1994-10-28, 5145 Marhill Road, Volgograd, 400001, VO, 506 744 3823"
"775, Tylor PEREZ, 1918-7-1, 2292 Dane Ridings, Alaxandria, 22304, VA, 905 812 4925"
"776, Jullian BAKER, 1918-12-3, 1416 Gray Cross, Vancouver, V5K 0A8, BC, 604 842 8885"
"777, Ogrid HENRY, 1925-4-23, 5470 Boswell Grange, Moscow, 83843, ID, 855 126 4964"
"778, Haiyi ALEXANDER, 1943-9-9, 6705 Gresham Downs, Winnipeg, R2C 0G3, MB, 306 680 2139"
"779, Olyiv ROSS, 1986-3-2, 7490 Frog Pleasant, Vancouver, V5K 0A8, BC, 604 148 4425"
"780, Quanny MARSHALL, 1935-10-28, 8388 Providence Paddock, Vancouver, V5K 0A8, BC, 604 787 1335"
"781, Tylor JENKINS, 1936-1-11, 1284 Cowley Reach, Gilroy, 95020, CA, 408 947 3868"
"782, Rachel REED, 1955-4-3, 1969 Egypt Road, Vancouver, V5K 0A8, BC, 604 840 7429"
"783, Nikole YOUNG, 1998-7-26, 4413 Egypt Road, Gilroy, 95020, CA, 408 921 2077"
"784, Ulysiss BROWN, 1998-3-9, 6070 Anson Fields, San Jose, 95111, CA, 408 893 4996"
"785, Vlad MASON, 2006-6-29, 6254 Bond Barton, Alaxandria, 22304, VA, 905 612 2103"
"786, Veronica GRAY, 1942-1-17, 8896 All Saints Down, Edmonton, T5A 0W4, AB, 780 106 3938"
"787, Flanigan GRAY, 1989-7-17, 1866 The Loning, Volgograd, 400001, VO, 506 638 5624"
"788, Justin WEBB, 1925-9-3, 4034 Boswell Grange, Volgograd, 400001, VO, 506 731 1942"
"789, Grant HUGHES, 1958-5-2, 5361 Pasture Leaze, Charleston, 29401, SC, 843 826 3614"
"790, Jacob PORTER, 1974-8-12, 7043 Bond Barton, Winnipeg, R2C 0G3, MB, 306 185 8674"
"791, Mike TUCKER, 1956-5-8, 9654 Sir Karl Cohen Square, San Francisco, 94140, CA, 415 217 4115"
"792, Heugh ROGERS, 1932-3-19, 440 All Saints Down, Vancouver, V5K 0A8, BC, 604 353 5492"
"793, William GREEN, 1980-5-18, 938 Bow Cliff, Moscow, 83843, ID, 855 352 8266"
"794, Mike GORDON, 1960-8-26, 6190 Torrington Furlong, Winnipeg, R2C 0G3, MB, 306 324 7837"
"795, Rachel YOUNG, 1923-9-16, 8210 Hampshire Wynd, Alaxandria, 22304, VA, 905 353 4295"
"796, Sharell WRIGHT, 1985-1-7, 6149 Dane Ridings, Vancouver, V5K 0A8, BC, 604 331 1711"
"797, Riley PERRY, 1940-8-26, 6492 Gray Cross, Calgary, T1Y 3A8, AB, 403 421 6477"
"798, Quanny RAMOS, 1926-1-4, 9324 Wentworth Oak, Moscow, 83843, ID, 855 317 3255"
"799, Kyle ROBERTSON, 1921-11-15, 8966 Providence Paddock, Edmonton, T5A 0W4, AB, 780 310 7666"
"800, John PRICE, 1955-12-3, 5122 Woodburn Road, Alaxandria, 22304, VA, 905 807 3950"
"801, Ulysiss SANDERS, 1954-6-1, 178 Pasture Leaze, Moscow, 83843, ID, 855 574 4520"
"802, Geralt HUNTER, 1995-1-11, 6418 Boswell Grange, San Jose, 95111, CA, 408 743 5063"
"803, Persepone SIMPSON, 1906-4-11, 4748 Kendal Dell, Alaxandria, 22304, VA, 905 364 6325"
"804, Tristiana REYNOLDS, 1924-9-3, 7637 Pasture Leaze, Calgary, T1Y 3A8, AB, 403 225 6825"
"805, Flanigan LOPEZ, 1928-10-28, 8648 Anson Fields, San Francisco, 94140, CA, 415 951 6812"
"806, Phillip HOWARD, 1968-12-7, 3068 St Augustine Road, Calgary, T1Y 3A8, AB, 403 754 3836"
"807, Eunice GARCIA, 1921-6-10, 7310 Woodburn Road, Volgograd, 400001, VO, 506 993 8433"
"808, David WILSON, 1983-11-18, 5552 The Loning, Moscow, 83843, ID, 855 256 8090"
"809, Phillip PATTERSON, 1942-2-19, 7351 All Saints Down, San Jose, 95111, CA, 408 636 6136"
"810, Mavrick KENNEDY, 1962-2-27, 8918 St Margarets Acre, Moscow, 83843, ID, 855 575 6112"
"811, Nikole WATSON, 1924-3-28, 1664 All Saints Down, Gilroy, 95020, CA, 408 100 2667"
"812, John WOODS, 1907-10-12, 8302 Westbourne Valley, Volgograd, 400001, VO, 506 331 7941"
"813, Lilly COX, 1908-7-15, 1254 Hallowell Close, Calgary, T1Y 3A8, AB, 403 612 5901"
"814, Eunice WASHINGTON, 1963-11-6, 4046 Bond Barton, San Jose, 95111, CA, 408 129 5455"
"815, Rachel ALLEN, 1946-9-2, 7034 Bow Cliff, San Francisco, 94140, CA, 415 402 4821"
"816, Tylor GARCIA, 1981-2-2, 945 Coggeshall Road, Winnipeg, R2C 0G3, MB, 306 545 6794"
"817, John BAKER, 1975-1-8, 7263 Mead Heath, San Francisco, 94140, CA, 415 119 7141"
"818, Kristopher GRAY, 1922-12-19, 9378 St Combs Court, Volgograd, 400001, VO, 506 294 1273"
"819, Samuel JOHNSON, 1978-9-18, 2030 Knowsley Mount, Edmonton, T5A 0W4, AB, 780 863 1266"
"820, Aaron SHAW, 1903-7-5, 9766 Langdale Cloisters, Edmonton, T5A 0W4, AB, 780 502 1789"
"821, Ulysiss RODRIGUEZ, 1956-11-30, 8105 St Peter's Glebe, Volgograd, 400001, VO, 506 504 1983"
"822, Heugh GRAHAM, 1960-9-3, 4549 Humber Quadrant, Vancouver, V5K 0A8, BC, 604 618 8006"
"823, Geralt TURNER, 1962-1-6, 6361 Kendal Parade, Edmonton, T5A 0W4, AB, 780 131 5154"
"824, Adam PEREZ, 1942-10-1, 1526 Hampshire Wynd, San Francisco, 94140, CA, 415 199 8169"
"825, Nikole CARTER, 1966-12-11, 26 Bernard Wood, Calgary, T1Y 3A8, AB, 403 351 7768"
"826, Ivana HARRIS, 1942-12-16, 7144 Furness Bridge, Gilroy, 95020, CA, 408 994 4471"
"827, Ogrid HUNTER, 1986-5-10, 8929 Parkland Park, Alaxandria, 22304, VA, 905 389 1297"
"828, Aaron SIMPSON, 2010-1-22, 1839 Hampshire Wynd, Alaxandria, 22304, VA, 905 257 7691"
"829, Haiyi KING, 1936-12-21, 9312 Melbourne Meadows, Vancouver, V5K 0A8, BC, 604 230 7141"
"830, John MARTINEZ, 1902-9-5, 9887 St Margarets Leys, Vancouver, V5K 0A8, BC, 604 540 6592"
"831, Samuel SANDERS, 1936-3-26, 894 Webb Acre, Calgary, T1Y 3A8, AB, 403 881 5663"
"832, Tristiana MYERS, 1902-8-16, 5616 Second Bank, Moscow, 83843, ID, 855 400 2050"
"833, Ogrid PERRY, 1920-10-1, 8965 Whitestone Close, Vancouver, V5K 0A8, BC, 604 804 7532"
"834, Killian WOOD, 1990-6-27, 2946 Westbourne Valley, Gilroy, 95020, CA, 408 677 8867"
"835, Veronica HARRISON, 1937-1-4, 848 Gill Ride, Vancouver, V5K 0A8, BC, 604 458 3013"
"836, Persepone MORGAN, 1933-6-10, 8229 Livingstone Alley, Winnipeg, R2C 0G3, MB, 306 362 2211"
"837, Ivana LEWIS, 1908-5-24, 2592 Melbourne Meadows, San Francisco, 94140, CA, 415 910 1940"
"838, Xavier MYERS, 1933-4-15, 7851 Hampshire Wynd, Alaxandria, 22304, VA, 905 696 8101"
"839, Ivana GONZALES, 1921-5-13, 810 Mead Heath, San Jose, 95111, CA, 408 972 8218"
"840, Eunice MORALES, 2005-5-14, 3978 Pound Loan, San Francisco, 94140, CA, 415 789 3570"
"841, Samuel MOORE, 2006-5-17, 552 Whitestone Close, San Jose, 95111, CA, 408 113 7311"
"842, Tylor SCOTT, 1909-3-21, 2810 Woodburn Road, Moscow, 83843, ID, 855 821 7218"
"843, Olyiv RICE, 1923-2-11, 6413 Sir Karl Cohen Square, San Francisco, 94140, CA, 415 336 1218"
"844, Mavrick HUGHES, 1998-7-18, 8452 Pound Loan, Vancouver, V5K 0A8, BC, 604 323 2185"
"845, Ryan GONZALEZ, 1983-3-11, 7571 Boswell Grange, Calgary, T1Y 3A8, AB, 403 284 8555"
"846, Quanny EDWARDS, 1943-4-20, 9680 Ambrose Green, Vancouver, V5K 0A8, BC, 604 878 8592"
"847, Jullian HAYES, 1931-8-15, 4738 Poets' Road, Gilroy, 95020, CA, 408 906 4359"
"848, Quanny FISHER, 1936-6-5, 4526 Gray Cross, Gilroy, 95020, CA, 408 966 5446"
"849, Xavier WOODS, 1981-2-13, 6263 Whin Place, Moscow, 83843, ID, 855 967 7031"
"850, Geralt COLEMAN, 1970-3-27, 6018 Edinburgh Parc, Calgary, T1Y 3A8, AB, 403 750 3239"
"851, Justin NELSON, 1978-4-11, 586 Sir Karl Cohen Square, Charleston, 29401, SC, 843 911 1755"
"852, Yovonne REYNOLDS, 1994-12-31, 8003 Humber Quadrant, Alaxandria, 22304, VA, 905 686 4451"
"853, Aaron HALL, 2001-8-27, 1047 Bernard Wood, Vancouver, V5K 0A8, BC, 604 529 6764"
"854, Kristopher HENRY, 1939-1-8, 4552 Whitestone Close, Moscow, 83843, ID, 855 409 2548"
"855, Justin RAMIREZ, 1984-11-1, 2996 Torrington Furlong, San Jose, 95111, CA, 408 160 6391"
"856, Persepone REYES, 1953-1-4, 2719 Gresham Downs, Calgary, T1Y 3A8, AB, 403 577 5047"
"857, Mavrick BOYD, 1912-6-27, 6970 Brompton Brambles, Moscow, 83843, ID, 855 228 1302"
"858, Mike RODRIGUEZ, 1970-4-25, 2465 All Saints Down, San Jose, 95111, CA, 408 590 7326"
"859, Phillip WATSON, 1901-8-13, 6522 Thomson Ridge, Calgary, T1Y 3A8, AB, 403 625 1183"
"860, Tristiana PETERSON, 1997-4-18, 1054 Providence Paddock, Gilroy, 95020, CA, 408 938 1366"
"861, John EDWARDS, 1975-3-23, 1007 Gill Ride, Alaxandria, 22304, VA, 905 544 8431"
"862, Zaplod LEWIS, 1969-10-14, 3935 Argyll Dene, Winnipeg, R2C 0G3, MB, 306 824 8467"
"863, Adam MARTINEZ, 1933-10-17, 9095 Linksfield Street, Volgograd, 400001, VO, 506 869 6806"
"864, Beuatrice THOMPSON, 1963-6-30, 3391 Bernard Wood, Volgograd, 400001, VO, 506 313 3765"
"865, Heugh MITCHELL, 1919-2-19, 1930 Dane Ridings, Calgary, T1Y 3A8, AB, 403 843 3146"
"866, Ulysiss TURNER, 2003-11-2, 8238 Knowsley Mount, Edmonton, T5A 0W4, AB, 780 671 3717"
"867, Olyiv COLE, 1995-4-22, 1473 Clarence Hills, Edmonton, T5A 0W4, AB, 780 903 1056"
"868, Heugh BROOKS, 1904-9-19, 1416 Spencer Beeches, San Francisco, 94140, CA, 415 986 6887"
"869, Samantha HENDERSON, 1929-8-24, 579 Wolseley Grange, Vancouver, V5K 0A8, BC, 604 199 1989"
"870, Sharell MORGAN, 1996-6-5, 6367 Birchlea Drive, Gilroy, 95020, CA, 408 245 6595"
"871, Killian BARNES, 1916-2-10, 5356 Bond Barton, Charleston, 29401, SC, 843 808 1267"
"872, Eunice MORRIS, 1977-12-27, 7184 Furness Bridge, Calgary, T1Y 3A8, AB, 403 512 4576"
"873, David BENNETT, 1998-5-27, 2371 Fairey Street, Moscow, 83843, ID, 855 849 8830"
"874, Haiyi PRICE, 2001-11-28, 5865 Fairey Street, San Jose, 95111, CA, 408 961 8411"
"875, Samuel PRICE, 1910-10-31, 1021 Vernon Celyn, Charleston, 29401, SC, 843 690 4095"
"876, Heugh GRIFFIN, 1952-7-22, 7616 Greenway Moor, San Jose, 95111, CA, 408 680 6458"
"877, Sharell HUNTER, 1938-1-7, 9691 Whin Place, Gilroy, 95020, CA, 408 496 8568"
"878, Ivana BARNES, 1995-2-12, 9433 Pasture Leaze, Calgary, T1Y 3A8, AB, 403 945 7036"
"879, Yovonne SCOTT, 1923-1-8, 8358 Brompton Brambles, Alaxandria, 22304, VA, 905 179 1389"
"880, Quanny HARRISON, 1927-5-2, 3178 St Peter's Glebe, Gilroy, 95020, CA, 408 240 2037"
"881, David PHILLIPS, 1976-12-18, 1790 Torrington Furlong, Moscow, 83843, ID, 855 774 8279"
"882, Rachel SANCHEZ, 1956-1-30, 173 Leighton Hawthorns, Vancouver, V5K 0A8, BC, 604 966 7288"
"883, Mike RICHARDSON, 1948-7-6, 6850 Forster Mews, San Francisco, 94140, CA, 415 679 2695"
"884, Persepone GRAY, 1951-2-3, 9903 Carrick Row, San Jose, 95111, CA, 408 277 6880"
"885, Tristiana JACKSON, 2005-2-23, 8226 Stony Acre, Winnipeg, R2C 0G3, MB, 306 126 8859"
"886, Mavrick PHILLIPS, 1991-2-17, 2171 Lords Nook, Edmonton, T5A 0W4, AB, 780 825 4277"
"887, Ivana RICHARDSON, 1984-9-13, 9023 Whitestone Close, Alaxandria, 22304, VA, 905 675 7830"
"888, John THOMPSON, 1987-3-8, 4525 Leighton Hawthorns, Edmonton, T5A 0W4, AB, 780 312 7646"
"889, Rachel PERRY, 1980-1-28, 9820 Edinburgh Parc, Edmonton, T5A 0W4, AB, 780 752 8381"
"890, Ivana JACKSON, 1900-4-8, 4574 Sir Karl Cohen Square, Charleston, 29401, SC, 843 885 2916"
"891, Adam TAYLOR, 1919-9-5, 5949 Burgess Gate, Charleston, 29401, SC, 843 754 4580"
"892, Rachel SULLIVAN, 1940-11-15, 6108 St Augustine Road, Alaxandria, 22304, VA, 905 561 6124"
"893, Mike GRAHAM, 1932-10-15, 5303 Windmill Brow, San Francisco, 94140, CA, 415 913 2417"
"894, Xavier GONZALES, 1988-1-15, 2580 Bond Barton, Winnipeg, R2C 0G3, MB, 306 382 4355"
"895, Killian CRUZ, 1918-7-6, 8864 Parkland Park, Edmonton, T5A 0W4, AB, 780 499 5254"
"896, Yovonne RICHARDSON, 1924-8-13, 289 Bond Barton, Calgary, T1Y 3A8, AB, 403 844 4776"
"897, Ivana ALLEN, 1938-11-16, 8570 Hallowell Close, Charleston, 29401, SC, 843 137 6325"
"898, Tristiana WRIGHT, 1910-5-2, 2983 Whin Place, Moscow, 83843, ID, 855 690 1907"
"899, Sharell FOSTER, 1914-2-23, 756 Blairbeg Place, Gilroy, 95020, CA, 408 217 7393"
"900, Cleo JENKINS, 2001-10-17, 4194 Leaverholme Close, Calgary, T1Y 3A8, AB, 403 629 8965"
"901, Justin WHITE, 2005-3-21, 6392 Pasture Leaze, Edmonton, T5A 0W4, AB, 780 508 6917"
"902, Geralt BAILEY, 1957-10-16, 2917 Furness Bridge, Moscow, 83843, ID, 855 264 4171"
"903, Eunice WOODS, 1921-9-27, 5590 Cowley Reach, Winnipeg, R2C 0G3, MB, 306 413 1488"
"904, Persepone RICE, 1941-10-16, 1876 Mornington Grove, Charleston, 29401, SC, 843 411 8099"
"905, Nikole REED, 1928-5-12, 2541 Argyll Dene, Volgograd, 400001, VO, 506 894 4988"
"906, Samantha LEE, 1975-10-20, 5302 Leighton Hawthorns, Calgary, T1Y 3A8, AB, 403 686 5802"
"907, John TURNER, 1946-5-8, 3895 Farmlea Road, Volgograd, 400001, VO, 506 514 2702"
"908, Sharell PRICE, 1952-6-5, 4667 Pound Loan, Winnipeg, R2C 0G3, MB, 306 778 8467"
"909, Ethan EDWARDS, 1914-8-21, 6553 Thomson Ridge, Vancouver, V5K 0A8, BC, 604 414 6942"
"910, Nikole PARKER, 1929-3-18, 1157 St Davids Hall, San Francisco, 94140, CA, 415 884 3014"
"911, Geralt CARTER, 1943-4-24, 2248 Spencer Beeches, Edmonton, T5A 0W4, AB, 780 633 1161"
"912, John MURPHY, 2002-2-6, 408 Pasture Leaze, Calgary, T1Y 3A8, AB, 403 675 4158"
"913, Mavrick MCDONALD, 1992-5-22, 2079 Woodburn Road, San Francisco, 94140, CA, 415 329 2787"
"914, Jevrem MITCHELL, 2007-4-6, 4370 Ambrose Green, Gilroy, 95020, CA, 408 990 8908"
"915, Phillip THOMAS, 1962-9-28, 701 Mornington Grove, Vancouver, V5K 0A8, BC, 604 182 6242"
"916, Mike CARTER, 1960-3-1, 1322 Chepstow Square, Charleston, 29401, SC, 843 933 7820"
"917, Jacob GONZALES, 1925-12-16, 935 Woodburn Road, Edmonton, T5A 0W4, AB, 780 647 2446"
"918, Flanigan REYES, 1930-5-25, 7076 Sievewright Street, Gilroy, 95020, CA, 408 329 3239"
"919, Sharell HENRY, 1903-12-21, 3614 St Davids Hall, San Jose, 95111, CA, 408 124 1194"
"920, Ulysiss ROGERS, 1986-5-28, 6031 Spencer Beeches, Moscow, 83843, ID, 855 647 5441"
"921, Cleo HUGHES, 1923-4-24, 9344 Lowfield Beeches, Volgograd, 400001, VO, 506 977 8396"
"922, Ulysiss WATSON, 1927-11-26, 1674 Beeston Hawthorns, Edmonton, T5A 0W4, AB, 780 796 8705"
"923, Kristopher MARSHALL, 1944-11-22, 2086 Trent Top, San Francisco, 94140, CA, 415 576 1556"
"924, Yovonne GORDON, 1930-8-19, 203 Carrick Row, Winnipeg, R2C 0G3, MB, 306 292 3028"
"925, Eunice SULLIVAN, 1949-5-29, 9372 Beeston Hawthorns, Calgary, T1Y 3A8, AB, 403 916 4199"
"926, Ethan ALEXANDER, 1907-7-23, 9763 Westbourne Valley, Winnipeg, R2C 0G3, MB, 306 101 3277"
"927, Phillip MARSHALL, 1912-6-12, 7707 Hampshire Wynd, Volgograd, 400001, VO, 506 762 2510"
"928, Samuel FOSTER, 1979-10-7, 1339 Gray Cross, Calgary, T1Y 3A8, AB, 403 909 4874"
"929, Veronica HOWARD, 1952-9-16, 4132 Fairey Street, Volgograd, 400001, VO, 506 618 4385"
"930, Olyiv REYES, 2003-9-30, 2993 Coggeshall Road, Volgograd, 400001, VO, 506 854 2878"
"931, Ethan BURNS, 1932-10-26, 8926 Whitestone Close, Vancouver, V5K 0A8, BC, 604 800 2155"
"932, Mike BARNES, 1930-11-26, 1138 The Loning, Winnipeg, R2C 0G3, MB, 306 272 1703"
"933, Adam MITCHELL, 1987-6-27, 3438 Chepstow Square, Volgograd, 400001, VO, 506 662 8313"
"934, Grant COLE, 1943-9-24, 817 Forbes Bottom, Edmonton, T5A 0W4, AB, 780 113 4828"
"935, Tylor JACKSON, 2004-1-19, 6141 Clifton Edge, Charleston, 29401, SC, 843 644 7889"
"936, Geralt HERNANDEZ, 1958-4-4, 2547 Wentworth Oak, Volgograd, 400001, VO, 506 791 4410"
"937, Kyle BURNS, 1963-9-17, 2723 Boswell Grange, Alaxandria, 22304, VA, 905 300 1745"
"938, Haiyi REED, 1952-1-1, 8074 Kendal Parade, San Jose, 95111, CA, 408 632 3092"
"939, Aaron WILSON, 1923-1-17, 984 Wallis Reach, San Francisco, 94140, CA, 415 850 3398"
"940, William ALEXANDER, 1937-12-23, 8572 Cowley Reach, San Francisco, 94140, CA, 415 771 5229"
"941, Adam THOMPSON, 1901-10-16, 1833 St Margarets Acre, Moscow, 83843, ID, 855 118 6198"
"942, Heugh HAMILTON, 1907-12-2, 4740 Humber Quadrant, Calgary, T1Y 3A8, AB, 403 628 7942"
"943, Grant RICE, 1989-4-23, 8512 Stanford Grove, Alaxandria, 22304, VA, 905 832 8036"
"944, Eunice JORDAN, 1948-3-30, 535 Red Kite Rise, Alaxandria, 22304, VA, 905 295 2716"
"945, Ryan HUNTER, 1952-5-29, 2406 Blairbeg Place, Alaxandria, 22304, VA, 905 709 5167"
"946, Cleo TAYLOR, 1939-2-4, 735 Langdale Glade, Moscow, 83843, ID, 855 199 8938"
"947, Eunice MARTINEZ, 1909-11-6, 2582 Williams Cloisters, Edmonton, T5A 0W4, AB, 780 924 8418"
"948, Veronica MARTINEZ, 1957-1-25, 8069 Red Kite Rise, Moscow, 83843, ID, 855 677 6487"
"949, John WOODS, 1902-3-2, 6136 Woodburn Road, Vancouver, V5K 0A8, BC, 604 981 7566"
"950, Tristiana CRUZ, 1943-2-23, 4509 St Combs Court, Charleston, 29401, SC, 843 775 4269"
"951, Lilly MORGAN, 1913-1-8, 5129 Malton Poplars, Alaxandria, 22304, VA, 905 385 6787"
"952, Flanigan WASHINGTON, 1904-10-9, 163 Kendal Parade, Charleston, 29401, SC, 843 842 6694"
"953, Heugh WEBB, 2001-11-19, 9536 Windmill Brow, Moscow, 83843, ID, 855 331 1325"
"954, Sharell HALL, 2006-11-13, 9327 Malton Poplars, Vancouver, V5K 0A8, BC, 604 967 7387"
"955, Xavier WILLIAMS, 2003-4-20, 8140 Wentworth Oak, Calgary, T1Y 3A8, AB, 403 188 3080"
"956, Kristopher WEBB, 1915-2-18, 1095 Beck East, San Francisco, 94140, CA, 415 966 3809"
"957, Jevrem EDWARDS, 1922-9-13, 4331 Kendal Dell, Moscow, 83843, ID, 855 454 2911"
"958, Jevrem ROBINSON, 1958-11-27, 4345 Old Kirton Road, Volgograd, 400001, VO, 506 273 2647"
"959, Ulysiss COX, 1979-4-21, 2187 Stony Acre, San Francisco, 94140, CA, 415 100 8114"
"960, Mavrick ROGERS, 1940-6-13, 3178 Leaverholme Close, Alaxandria, 22304, VA, 905 132 8839"
"961, Ivana WASHINGTON, 1949-4-29, 108 Mead Heath, San Francisco, 94140, CA, 415 605 4114"
"962, Ogrid LONG, 1972-6-10, 6051 Ambrose Green, Charleston, 29401, SC, 843 305 6904"
"963, Quanny ALEXANDER, 1951-6-12, 9156 Forbes Bottom, Charleston, 29401, SC, 843 175 8699"
"964, Grant PEREZ, 1909-4-5, 226 Stanford Grove, Gilroy, 95020, CA, 408 885 1629"
"965, David HUNTER, 1926-2-7, 3676 Leighton Hawthorns, Edmonton, T5A 0W4, AB, 780 502 4277"
"966, Jullian WALLACE, 1946-7-20, 1326 High Hall, San Francisco, 94140, CA, 415 438 3997"
"967, Jevrem PATTERSON, 1982-2-10, 2129 Westbourne Valley, Charleston, 29401, SC, 843 219 2681"
"968, Mavrick MORRIS, 1974-5-10, 8321 Torrington Furlong, Alaxandria, 22304, VA, 905 472 1369"
"969, William LEWIS, 1909-9-27, 5431 Fairey Street, Edmonton, T5A 0W4, AB, 780 174 4136"
"970, Jacob HAMILTON, 1968-3-14, 2960 Coggeshall Road, San Jose, 95111, CA, 408 775 1570"
"971, Veronica PERRY, 1930-4-5, 2613 Old Kirton Road, Vancouver, V5K 0A8, BC, 604 553 2490"
"972, Haiyi FLORES, 1910-4-9, 5231 Bow Cliff, Gilroy, 95020, CA, 408 269 6950"
"973, Ivana ALLEN, 1983-11-14, 5019 Red Kite Rise, Alaxandria, 22304, VA, 905 638 8401"
"974, Aaron SULLIVAN, 1976-1-16, 8943 Second Bank, San Jose, 95111, CA, 408 816 6275"
"975, Justin SIMPSON, 1956-9-24, 5938 Farmlea Road, Volgograd, 400001, VO, 506 502 8768"
"976, Grant THOMAS, 1929-7-7, 3950 Dane Ridings, Winnipeg, R2C 0G3, MB, 306 828 2810"
"977, Nikole FORD, 1920-10-5, 8247 Woodbine Lodge, Winnipeg, R2C 0G3, MB, 306 865 3139"
"978, Beuatrice BARNES, 2001-6-25, 5730 Wallis Reach, Winnipeg, R2C 0G3, MB, 306 515 1566"
"979, Samuel ALEXANDER, 1960-10-26, 9827 Stanford Grove, Charleston, 29401, SC, 843 226 2641"
"980, Jevrem WILLIAMS, 1938-2-19, 2236 Trent Top, Gilroy, 95020, CA, 408 807 4763"
"981, Cleo BROOKS, 1959-11-14, 1716 Boswell Grange, Calgary, T1Y 3A8, AB, 403 346 6695"
"982, Lilly MILLER, 1903-9-1, 1095 Mead Heath, Alaxandria, 22304, VA, 905 308 5715"
"983, Beuatrice COOPER, 2007-9-29, 6379 Sievewright Street, Vancouver, V5K 0A8, BC, 604 416 2354"
"984, William SCOTT, 2007-5-25, 6845 Knowsley Mount, Edmonton, T5A 0W4, AB, 780 780 8618"
"985, Adam WARREN, 1904-1-27, 781 Coggeshall Road, San Jose, 95111, CA, 408 220 5455"
"986, Ryan SHAW, 1945-5-29, 8878 Gray Cross, Charleston, 29401, SC, 843 505 2891"
"987, Heugh WILSON, 1951-3-8, 2490 Mead Heath, Calgary, T1Y 3A8, AB, 403 693 4838"
"988, Killian RAMOS, 2001-9-7, 7428 Bow Cliff, Calgary, T1Y 3A8, AB, 403 576 2592"
"989, Samantha ROBERTS, 1969-9-19, 6316 Beeston Hawthorns, Alaxandria, 22304, VA, 905 356 5719"
"990, Eunice WHITE, 1968-2-15, 9593 Longfellow Common, Vancouver, V5K 0A8, BC, 604 879 6273"
"991, Phillip MITCHELL, 1932-12-13, 7917 Providence Paddock, Charleston, 29401, SC, 843 510 4231"
"992, Flanigan GONZALEZ, 1986-12-4, 2464 French Side, Winnipeg, R2C 0G3, MB, 306 160 6565"
"993, Xavier POWELL, 1968-11-22, 3729 The Loning, Alaxandria, 22304, VA, 905 382 5647"
"994, Justin HARRISON, 1986-5-16, 3489 Forster Mews, Vancouver, V5K 0A8, BC, 604 847 6687"
"995, Zaplod MYERS, 1900-6-30, 4386 Furness Bridge, San Francisco, 94140, CA, 415 459 8422"
"996, Quanny ROBINSON, 1977-2-2, 2266 Webb Acre, Edmonton, T5A 0W4, AB, 780 490 4985"
"997, Xavier GIBSON, 1994-7-7, 8688 Pippin Oaks, Vancouver, V5K 0A8, BC, 604 315 8259"
"998, Haiyi ROBINSON, 1908-7-14, 4715 Beck East, Moscow, 83843, ID, 855 281 3106"
"999, Ulysiss RICE, 2004-10-18, 8658 Malton Poplars, San Jose, 95111, CA, 408 220 2455"
"1000, Lilly RICHARDSON, 1911-7-30, 2952 Blairbeg Place, Volgograd, 400001, VO, 506 290 2861"