"1, HomeGoods, 5794 Bow Cliff, Gilroy, 95020, CA, 408 967 7885"
"2, BestBuy, 5028 Anson Fields, Volgograd, 400001, VO, 506 951 5531"
"3, GUM, 3808 Westbourne Valley, Edmonton, T5A 0W4, AB, 780 953 5932"
"4, Gostiny Dvor, 9682 St Margarets Acre, San Francisco, 94140, CA, 415 804 4025"
"5, Walmart, 4306 Malton Poplars, Winnipeg, R2C 0G3, MB, 306 959 7596"
"6, Walmart, 7750 Lowfield Beeches, Vancouver, V5K 0A8, BC, 604 187 2712"
"7, Gostiny Dvor, 19 Williams Cloisters, San Francisco, 94140, CA, 415 609 4590"
"8, CircutCity, 5007 Melbourne Meadows, Calgary, T1Y 3A8, AB, 403 370 7299"
"9, HomeGoods, 1261 St Annes Promenade, Moscow, 83843, ID, 855 594 2932"
"10, Walmart, 7436 Gill Ride, San Jose, 95111, CA, 408 889 6367"
"11, BestBuy, 9910 Boswell Grange, Vancouver, V5K 0A8, BC, 604 615 2984"
"12, GUM, 2444 Greenway Moor, Edmonton, T5A 0W4, AB, 780 596 8754"
"13, GUM, 2222 Old Kirton Road, Moscow, 83843, ID, 855 343 6658"
"14, Walmart, 2892 Home Farm Lawns, San Francisco, 94140, CA, 415 138 4427"
"15, Walmart, 7564 Forbes Bottom, Edmonton, T5A 0W4, AB, 780 424 2285"
"16, Gostiny Dvor, 6117 Canning Head, Gilroy, 95020, CA, 408 142 1507"
"17, Apraksin Dvor, 704 Langdale Glade, Gilroy, 95020, CA, 408 289 5904"
"18, Walmart, 5459 Anson Fields, Alaxandria, 22304, VA, 905 134 6497"
"19, GUM, 7075 Whitestone Close, Calgary, T1Y 3A8, AB, 403 323 4782"
"20, CircutCity, 356 Pound Loan, Charleston, 29401, SC, 843 731 3862"
"21, HomeGoods, 3483 Hampshire Wynd, Volgograd, 400001, VO, 506 903 3958"
"22, Gostiny Dvor, 1894 Gill Ride, Volgograd, 400001, VO, 506 142 8795"
"23, Costco, 8323 Lords Nook, Edmonton, T5A 0W4, AB, 780 406 1501"
"24, Costco, 4128 Clifton Edge, San Jose, 95111, CA, 408 615 7609"
"25, Costco, 7741 Marhill Road, Moscow, 83843, ID, 855 476 4584"
"26, BestBuy, 9982 Farmlea Road, Charleston, 29401, SC, 843 286 8427"
"27, HomeGoods, 9811 Burgess Gate, Calgary, T1Y 3A8, AB, 403 910 3742"
"28, Apraksin Dvor, 7571 Gill Ride, Winnipeg, R2C 0G3, MB, 306 457 5711"
"29, Gostiny Dvor, 5010 St Annes Promenade, Calgary, T1Y 3A8, AB, 403 732 7985"
"30, GUM, 837 Woodburn Road, Volgograd, 400001, VO, 506 711 6601"
"31, GUM, 1796 Gill Ride, San Jose, 95111, CA, 408 955 3222"
"32, CircutCity, 4725 St Augustine Road, Edmonton, T5A 0W4, AB, 780 120 7983"
"33, Costco, 5697 St Combs Court, Vancouver, V5K 0A8, BC, 604 495 3257"
"34, Walmart, 1618 St Annes Promenade, Vancouver, V5K 0A8, BC, 604 908 2931"
"35, Walmart, 6498 Lords Nook, Gilroy, 95020, CA, 408 879 5453"
"36, BestBuy, 6385 Linksfield Street, Volgograd, 400001, VO, 506 772 5952"
"37, Costco, 8688 Vernon Celyn, Calgary, T1Y 3A8, AB, 403 232 5421"
"38, Walmart, 7062 Knowsley Mount, Moscow, 83843, ID, 855 201 2405"
"39, GUM, 2308 Cowley Reach, San Jose, 95111, CA, 408 652 5252"
"40, Costco, 8481 Edinburgh Parc, Winnipeg, R2C 0G3, MB, 306 327 5405"
"41, GUM, 58 Pound Loan, Winnipeg, R2C 0G3, MB, 306 937 1406"
"42, Costco, 5351 Home Farm Lawns, Alaxandria, 22304, VA, 905 718 1609"
"43, Costco, 8453 Woodbine Lodge, Winnipeg, R2C 0G3, MB, 306 635 8898"
"44, BestBuy, 9829 Stony Acre, San Jose, 95111, CA, 408 936 6295"
"45, Gostiny Dvor, 3613 Forbes Bottom, Calgary, T1Y 3A8, AB, 403 370 1095"
"46, BestBuy, 2258 Stony Acre, Winnipeg, R2C 0G3, MB, 306 230 7410"
"47, Costco, 8127 Sievewright Street, San Francisco, 94140, CA, 415 752 2495"
"48, GUM, 6968 Anson Fields, San Francisco, 94140, CA, 415 281 5154"
"49, GUM, 9770 Knowsley Mount, Winnipeg, R2C 0G3, MB, 306 154 1227"
"50, Walmart, 5398 Stephen Heights, Alaxandria, 22304, VA, 905 551 4709"
"51, BestBuy, 3603 Bernard Wood, Vancouver, V5K 0A8, BC, 604 837 1051"
"52, GUM, 5550 St Annes Promenade, Winnipeg, R2C 0G3, MB, 306 327 1203"
"53, Costco, 8263 Greenacre Beeches, Moscow, 83843, ID, 855 747 8362"
"54, Gostiny Dvor, 2991 St Augustine Road, Alaxandria, 22304, VA, 905 236 8540"
"55, GUM, 2402 Spencer Beeches, Edmonton, T5A 0W4, AB, 780 777 2865"
"56, BestBuy, 1084 Langdale Glade, Edmonton, T5A 0W4, AB, 780 616 8246"
"57, GUM, 9493 Fairey Street, San Francisco, 94140, CA, 415 627 1269"
"58, HomeGoods, 9361 Clarence Hills, Edmonton, T5A 0W4, AB, 780 815 4151"
"59, Costco, 619 Fairey Street, Volgograd, 400001, VO, 506 426 6468"
"60, Costco, 3822 Forbes Bottom, Moscow, 83843, ID, 855 610 2179"
"61, CircutCity, 4268 Chepstow Square, Edmonton, T5A 0W4, AB, 780 652 3079"
"62, Costco, 1917 Red Kite Rise, Calgary, T1Y 3A8, AB, 403 974 3239"
"63, Apraksin Dvor, 1759 Boswell Grange, Calgary, T1Y 3A8, AB, 403 981 6854"
"64, Gostiny Dvor, 2997 Thomson Ridge, Edmonton, T5A 0W4, AB, 780 684 5544"
"65, BestBuy, 113 Wentworth Oak, Calgary, T1Y 3A8, AB, 403 793 7149"
"66, HomeGoods, 5348 Vernon Celyn, Volgograd, 400001, VO, 506 635 6292"
"67, Gostiny Dvor, 6548 Argyll Dene, San Francisco, 94140, CA, 415 867 4116"
"68, BestBuy, 5982 St Margarets Leys, San Francisco, 94140, CA, 415 199 1280"
"69, Gostiny Dvor, 2851 Red Kite Rise, Winnipeg, R2C 0G3, MB, 306 224 2034"
"70, Walmart, 7480 Gill Ride, Charleston, 29401, SC, 843 740 8535"
"71, GUM, 8448 St Margarets Leys, Calgary, T1Y 3A8, AB, 403 378 6124"
"72, Gostiny Dvor, 9320 Gray Cross, Gilroy, 95020, CA, 408 570 3226"
"73, CircutCity, 6802 Torrington Furlong, San Francisco, 94140, CA, 415 425 7366"
"74, GUM, 811 Thomson Ridge, Vancouver, V5K 0A8, BC, 604 402 2530"
"75, HomeGoods, 111 Spencer Beeches, Winnipeg, R2C 0G3, MB, 306 799 2661"
"76, Costco, 5801 Cowley Reach, Gilroy, 95020, CA, 408 256 2610"
"77, CircutCity, 7872 Greenway Moor, San Francisco, 94140, CA, 415 241 2428"
"78, GUM, 145 High Hall, Winnipeg, R2C 0G3, MB, 306 822 6460"
"79, Gostiny Dvor, 9979 Coggeshall Road, Winnipeg, R2C 0G3, MB, 306 460 1212"
"80, BestBuy, 7471 Home Farm Lawns, Calgary, T1Y 3A8, AB, 403 694 2621"
"81, CircutCity, 6989 Cowley Reach, Vancouver, V5K 0A8, BC, 604 179 4767"
"82, GUM, 9235 Parkland Park, Charleston, 29401, SC, 843 925 1731"
"83, HomeGoods, 5060 All Saints Down, Charleston, 29401, SC, 843 123 4446"
"84, BestBuy, 7697 Cowley Reach, Gilroy, 95020, CA, 408 395 4677"
"85, BestBuy, 4697 Blairbeg Place, Edmonton, T5A 0W4, AB, 780 927 1036"
"86, CircutCity, 1104 Malton Poplars, Edmonton, T5A 0W4, AB, 780 900 5651"
"87, BestBuy, 4886 Egypt Road, Charleston, 29401, SC, 843 404 8463"
"88, Walmart, 7112 Westbourne Valley, Charleston, 29401, SC, 843 994 8951"
"89, Gostiny Dvor, 3128 Whitestone Close, Alaxandria, 22304, VA, 905 762 3085"
"90, CircutCity, 3345 Stanford Grove, San Francisco, 94140, CA, 415 642 2183"
"91, GUM, 9543 Ivy Buildings, Winnipeg, R2C 0G3, MB, 306 714 2589"
"92, Gostiny Dvor, 8135 Stephen Heights, Gilroy, 95020, CA, 408 610 2801"
"93, GUM, 5870 Langdale Cloisters, Calgary, T1Y 3A8, AB, 403 624 2280"
"94, Apraksin Dvor, 3073 St Peter's Glebe, Charleston, 29401, SC, 843 205 1732"
"95, Walmart, 9922 Vernon Celyn, Volgograd, 400001, VO, 506 315 1067"
"96, HomeGoods, 7010 Marhill Road, Volgograd, 400001, VO, 506 740 1048"
"97, Apraksin Dvor, 7199 Beck East, Alaxandria, 22304, VA, 905 561 7653"
"98, GUM, 1091 St Combs Court, Moscow, 83843, ID, 855 292 6127"
"99, Costco, 950 Leaverholme Close, Volgograd, 400001, VO, 506 690 8819"
"100, GUM, 329 Chepstow Square, Gilroy, 95020, CA, 408 735 8527"